age,annual_income_inr,bank_balance_inr,education_level,purpose_of_visit,prior_approvals,english_level,legal_charges,visa_approved
23,1341200,933800,masters,business,2,fluent,no,1
66,358300,320500,high_school,education,8,fluent,no,1
59,883800,542400,high_school,medical,0,basic,no,0
45,396800,205600,masters,education,2,good,no,1
45,716700,179000,bachelors,business,1,fluent,no,1
72,530300,472100,high_school,business,3,fluent,no,1
23,1266800,840800,masters,medical,3,fluent,no,1
61,429100,117500,bachelors,medical,0,fluent,no,0
30,329700,163100,masters,travel,5,good,no,1
23,1068700,609400,masters,travel,0,good,yes,0
51,721800,225700,high_school,travel,5,good,yes,0
79,940400,657700,high_school,travel,0,good,no,0
64,621100,396100,bachelors,business,3,basic,no,1
65,1490200,484800,masters,business,1,fluent,no,1
63,988200,881800,bachelors,business,3,fluent,no,1
67,2012900,1734100,masters,education,0,good,no,1
50,733800,256200,bachelors,business,2,fluent,no,1
26,292200,140700,bachelors,business,0,fluent,no,1
70,520600,427500,high_school,travel,1,good,no,0
46,567300,258000,high_school,business,6,basic,no,1
49,1006000,871300,bachelors,business,2,basic,no,1
41,325600,97800,bachelors,travel,2,good,no,1
29,910300,630900,phd,travel,3,good,no,1
76,871100,522300,high_school,travel,1,basic,no,0
67,918500,376300,masters,medical,6,basic,no,1
58,456700,314400,high_school,business,1,good,no,1
43,2775300,466700,masters,medical,8,good,no,1
69,300000,96900,high_school,medical,6,good,no,0
52,1916500,663100,masters,education,1,good,no,1
45,947600,225600,high_school,travel,1,basic,no,0
46,477400,83800,high_school,travel,4,basic,no,0
32,742900,308100,bachelors,travel,5,basic,no,1
23,741500,232600,bachelors,education,0,good,no,0
52,836100,208700,bachelors,business,0,basic,no,1
73,545500,146200,bachelors,medical,0,basic,no,0
22,854000,657300,phd,travel,5,fluent,no,1
72,622300,137600,bachelors,education,4,good,no,1
70,633300,439300,bachelors,travel,0,fluent,no,0
35,819800,156100,masters,business,2,basic,no,1
57,283600,51200,masters,travel,5,basic,no,1
28,798300,384500,bachelors,travel,8,fluent,no,1
65,566000,247000,bachelors,travel,0,good,no,0
62,193500,108200,high_school,travel,1,good,no,0
40,624000,422400,bachelors,business,1,fluent,no,1
22,613500,234600,bachelors,travel,3,good,no,1
79,1961400,580200,masters,travel,0,basic,no,0
46,723000,554200,masters,medical,0,good,no,1
74,780200,213800,high_school,business,5,basic,no,0
60,1156100,865700,high_school,travel,2,basic,no,1
67,535500,316100,bachelors,business,0,basic,no,1
65,737000,270500,bachelors,travel,1,fluent,no,1
30,1957600,755000,bachelors,travel,0,good,no,1
40,858000,367200,bachelors,travel,1,basic,no,1
47,929200,551300,bachelors,medical,1,basic,no,0
49,863900,764300,phd,business,0,fluent,no,1
20,1103900,429100,bachelors,education,0,fluent,yes,0
52,528700,452800,high_school,business,7,good,no,1
27,276200,83900,bachelors,business,7,good,no,1
64,622200,146000,bachelors,travel,0,fluent,no,1
61,394600,216700,bachelors,business,3,fluent,no,1
76,804700,710000,bachelors,travel,0,fluent,no,0
64,456900,234700,bachelors,education,5,good,yes,0
41,1265200,948800,masters,education,6,basic,no,1
78,1107700,558700,phd,travel,3,good,no,1
43,380800,299900,bachelors,travel,3,basic,no,1
38,412100,313000,high_school,travel,1,fluent,no,1
75,1064300,707400,bachelors,business,0,basic,no,1
41,1422400,869900,bachelors,business,2,fluent,no,1
22,657900,354300,phd,education,0,fluent,no,1
47,413700,358900,bachelors,medical,4,fluent,no,1
68,2844300,1615700,masters,business,2,fluent,no,1
29,1074900,433000,phd,travel,0,fluent,no,1
47,795500,645700,bachelors,education,3,basic,no,1
26,359800,232100,high_school,education,5,good,no,1
61,851600,484200,bachelors,travel,3,basic,no,1
47,1943100,1285600,bachelors,travel,2,fluent,no,1
38,870100,358200,bachelors,education,6,fluent,yes,0
32,1941300,903900,phd,medical,0,basic,no,1
53,768700,228100,bachelors,business,3,basic,no,1
60,430300,340500,bachelors,medical,1,basic,no,0
77,371100,240900,high_school,business,0,good,no,0
45,292200,224500,high_school,education,9,fluent,no,1
28,852800,330900,bachelors,business,1,good,no,1
70,1906800,1709600,masters,business,1,fluent,no,1
57,826600,345400,bachelors,business,0,fluent,no,1
62,638700,265200,bachelors,travel,10,good,no,1
24,350000,304700,high_school,travel,6,basic,no,0
37,919900,589900,bachelors,business,0,fluent,no,1
66,382900,325500,bachelors,travel,2,good,no,1
70,521300,321800,masters,travel,0,good,yes,0
45,1241200,415600,bachelors,education,4,good,no,1
68,834900,369900,masters,medical,2,fluent,no,1
71,825900,655900,masters,education,0,fluent,no,1
42,689300,356400,bachelors,business,2,fluent,no,1
74,1127700,768800,bachelors,business,7,fluent,no,1
36,1065300,292800,masters,medical,1,fluent,no,1
33,718200,323100,phd,business,0,good,no,1
60,512800,399800,bachelors,travel,8,good,no,1
58,679500,581500,bachelors,medical,0,good,no,0
26,893300,351300,bachelors,medical,2,good,no,1
70,953800,266500,masters,travel,2,fluent,no,1
30,1009200,169100,phd,education,0,fluent,no,1
68,1108600,272200,phd,travel,0,good,no,1
18,529700,411400,high_school,education,0,good,no,0
68,351800,173000,high_school,business,0,fluent,no,1
67,1788100,659300,masters,business,2,fluent,no,1
67,580200,424600,bachelors,travel,6,fluent,no,1
59,1160300,864500,phd,business,0,basic,no,1
47,243600,102700,bachelors,education,4,good,no,1
62,864100,713800,masters,travel,1,fluent,no,1
35,531300,264200,masters,medical,0,good,no,0
67,315400,109100,high_school,education,2,fluent,yes,0
53,2047600,1688900,high_school,travel,0,good,no,1
46,1115700,295300,masters,education,3,good,no,1
49,1060600,951300,high_school,business,1,good,no,1
53,1556900,949600,masters,travel,3,fluent,no,1
20,1299200,1086800,bachelors,business,7,good,no,1
26,678100,192700,bachelors,medical,0,good,no,0
33,1830300,808700,bachelors,education,8,fluent,no,1
25,1721700,1385900,phd,medical,0,fluent,no,1
45,995000,773900,masters,medical,0,basic,no,0
60,1124200,903700,masters,medical,0,good,no,1
59,902200,325100,masters,business,5,basic,no,1
47,778600,477400,bachelors,medical,4,basic,no,1
71,1055100,466600,phd,travel,9,good,no,1
53,933100,364500,bachelors,travel,4,basic,no,1
22,1969800,1063900,bachelors,travel,1,fluent,no,1
66,389900,267600,bachelors,travel,7,fluent,no,1
54,1418000,764100,bachelors,business,8,basic,no,1
57,794300,256500,masters,business,5,fluent,no,1
53,1520900,1149200,bachelors,business,2,fluent,no,1
52,809700,715200,masters,travel,6,good,no,1
23,1356200,572500,phd,medical,0,fluent,no,1
53,693200,545500,bachelors,travel,7,good,no,1
68,208600,166400,high_school,travel,10,basic,no,1
37,2531300,874300,masters,travel,3,basic,no,1
55,321700,218400,high_school,travel,0,good,no,0
19,1018600,869700,masters,business,0,fluent,no,1
39,424100,298900,bachelors,education,8,good,no,1
45,362600,62600,bachelors,business,6,good,no,1
79,675900,407800,bachelors,education,4,basic,no,0
31,545800,400500,bachelors,education,8,fluent,no,1
35,397800,244100,bachelors,travel,2,basic,no,0
43,741900,127300,bachelors,medical,7,good,no,1
80,334800,80400,bachelors,business,0,fluent,no,0
71,1042200,782900,masters,medical,0,basic,no,0
20,503800,260000,high_school,education,2,basic,no,0
32,193300,167900,bachelors,education,1,good,no,0
69,405300,186900,high_school,education,1,good,no,0
21,978800,750000,bachelors,education,5,fluent,no,1
71,301100,53200,high_school,medical,0,fluent,no,0
35,1288900,1006300,masters,travel,4,basic,no,1
75,685500,544500,high_school,education,0,good,no,0
36,555700,234300,masters,education,6,basic,no,1
45,751400,287100,bachelors,travel,0,basic,yes,0
59,1190900,991300,bachelors,medical,4,good,no,1
25,333700,244700,high_school,travel,3,fluent,no,1
53,868600,519800,masters,travel,1,fluent,no,1
49,2034500,971000,phd,business,0,basic,no,1
67,337200,281200,high_school,business,0,fluent,no,1
80,1391200,988300,phd,education,1,good,no,1
59,417900,193300,bachelors,travel,0,fluent,no,1
43,692400,361800,bachelors,travel,0,good,no,1
43,1243600,278300,masters,business,4,fluent,no,1
44,144000,109200,high_school,travel,0,basic,no,0
69,563900,440600,bachelors,education,0,good,no,0
38,684300,285200,high_school,medical,1,good,no,0
28,1101300,421000,masters,business,2,good,no,1
39,567600,192500,bachelors,travel,2,good,no,1
19,529800,148400,masters,travel,3,good,no,1
24,1068900,920200,bachelors,travel,3,fluent,no,1
23,905100,651000,phd,travel,2,basic,no,1
66,729400,346500,high_school,travel,1,fluent,no,0
63,932500,216900,bachelors,travel,0,good,no,0
61,591500,150600,bachelors,travel,4,good,no,1
47,974700,665100,high_school,travel,1,good,no,1
63,389700,117800,high_school,travel,6,basic,no,0
28,1872000,769200,masters,education,3,fluent,no,1
74,1117600,969800,high_school,education,3,fluent,no,1
49,1347900,789700,bachelors,travel,2,fluent,no,1
77,978600,740100,phd,education,7,fluent,no,1
27,3070500,699800,bachelors,medical,1,good,no,1
49,587400,233700,high_school,business,1,good,no,1
61,617000,507000,high_school,travel,7,fluent,no,1
49,533800,404500,high_school,business,3,basic,no,1
46,406400,281500,bachelors,education,1,fluent,no,1
28,1982900,1171000,masters,business,0,good,no,1
42,552200,194200,bachelors,education,0,fluent,no,1
33,896100,527900,high_school,business,5,good,no,1
36,1431500,269200,bachelors,travel,0,good,no,1
61,1054200,318100,bachelors,medical,0,basic,no,0
57,517000,278500,bachelors,travel,0,good,no,1
56,895900,135700,phd,medical,9,good,no,1
40,173500,56200,bachelors,medical,2,basic,no,0
78,709600,187500,bachelors,medical,2,basic,no,0
23,1512500,618800,masters,business,7,fluent,no,1
39,853500,677500,masters,education,1,good,no,1
25,703100,605100,masters,business,5,fluent,no,1
39,825700,226100,masters,travel,4,basic,no,1
78,1476100,477200,bachelors,medical,2,good,no,0
41,734200,576500,bachelors,education,5,basic,no,1
75,2702400,755300,masters,travel,8,good,no,1
49,710600,501700,masters,travel,0,good,yes,0
62,1096100,234700,masters,education,0,good,no,1
46,596100,379300,bachelors,education,6,good,no,1
34,3044200,1063300,masters,travel,1,good,no,1
66,596500,424800,high_school,medical,2,basic,no,0
79,1741800,939800,high_school,business,0,good,no,1
34,600400,170600,bachelors,business,6,good,no,1
67,1752700,791600,bachelors,travel,4,good,no,1
34,1037900,556100,masters,medical,8,good,no,1
63,856100,767900,high_school,business,2,fluent,no,1
67,497300,253800,masters,business,9,good,yes,0
46,916300,241400,bachelors,business,2,good,no,1
64,300100,170000,high_school,medical,3,basic,no,0
35,871400,274600,bachelors,business,4,basic,no,1
22,328200,265700,bachelors,travel,2,good,yes,0
24,923600,716300,masters,medical,2,fluent,no,1
46,1382000,340600,bachelors,business,0,fluent,no,1
74,730300,431800,high_school,travel,1,good,no,0
26,383800,258100,bachelors,travel,4,basic,no,1
46,190200,64400,high_school,education,0,fluent,no,0
62,710200,440200,high_school,travel,4,basic,no,0
30,2578700,1281700,phd,travel,1,good,no,1
63,318000,162700,high_school,business,0,fluent,no,1
37,1712700,965100,high_school,education,4,good,no,1
68,969200,559800,masters,education,0,basic,no,0
54,331200,226000,masters,business,8,good,no,1
52,320600,156900,bachelors,travel,10,good,no,1
29,1155400,799500,bachelors,medical,2,basic,no,1
47,1160600,597100,phd,business,1,fluent,no,1
71,1221000,790100,high_school,business,0,good,no,1
19,279600,97100,high_school,travel,5,basic,no,0
65,1038200,577500,masters,travel,0,basic,no,1
49,976300,489100,masters,business,8,fluent,no,1
63,999000,376300,phd,travel,10,good,no,1
59,612900,120600,bachelors,business,0,fluent,no,1
45,885300,471500,phd,travel,4,good,no,1
37,832800,131000,bachelors,education,2,basic,no,1
57,1148800,508200,masters,travel,2,good,no,1
26,1117600,478300,masters,business,0,fluent,no,1
54,1048900,655900,high_school,education,4,good,no,1
23,279100,248600,high_school,business,0,fluent,no,1
58,279300,221600,bachelors,education,7,fluent,no,1
57,1701700,1499700,masters,travel,2,fluent,no,1
23,321600,277600,high_school,education,3,good,no,0
65,789400,162300,masters,business,7,fluent,no,1
44,540300,195300,bachelors,business,4,fluent,no,1
67,533900,199000,bachelors,travel,2,basic,no,0
20,339200,68900,bachelors,business,1,fluent,no,1
29,790100,620200,phd,business,2,fluent,no,1
49,772300,634400,high_school,education,1,good,no,1
29,754900,455800,bachelors,education,8,fluent,no,1
38,713200,583600,high_school,business,0,fluent,no,1
59,822700,564200,phd,medical,1,good,no,1
27,1598100,767800,masters,education,5,fluent,no,1
60,408600,107200,high_school,medical,1,basic,no,0
24,237200,206100,bachelors,education,7,basic,no,1
29,900400,602600,bachelors,education,0,good,no,1
55,1153800,479600,bachelors,travel,0,good,no,1
67,715100,176200,masters,education,3,good,no,1
28,1463100,1096200,bachelors,medical,2,fluent,no,1
36,473800,356100,bachelors,business,8,good,no,1
76,1406600,783800,masters,travel,1,basic,no,0
80,1975000,1777400,bachelors,business,0,fluent,no,1
54,551400,242500,high_school,medical,1,basic,no,0
46,477100,408700,high_school,travel,1,good,no,0
39,713800,444500,bachelors,education,3,good,no,1
56,1852500,1301000,bachelors,education,0,fluent,no,1
55,674400,565000,high_school,medical,2,good,no,0
36,2460300,1902700,bachelors,business,7,basic,no,1
19,882100,323300,bachelors,education,1,basic,no,0
27,678900,543400,masters,medical,3,basic,no,1
78,392000,217500,high_school,business,0,fluent,no,0
44,782600,143700,bachelors,education,5,fluent,no,1
48,175800,115200,high_school,travel,0,good,no,0
47,582600,305700,bachelors,travel,3,basic,no,1
67,421200,232700,high_school,travel,1,fluent,no,0
22,863200,395900,bachelors,business,0,good,no,1
23,2830000,560500,masters,business,1,fluent,yes,0
35,556900,158800,high_school,business,0,fluent,no,1
48,337800,242300,masters,business,7,good,no,1
60,457600,149000,bachelors,travel,0,good,no,0
48,873900,542500,bachelors,travel,9,basic,no,1
45,796200,443000,bachelors,business,2,good,no,1
77,1848600,584200,bachelors,education,0,fluent,no,1
28,1649200,594400,masters,education,1,fluent,no,1
54,1622300,710000,masters,travel,0,fluent,no,1
52,863200,699300,masters,medical,6,good,yes,0
47,1384700,1185300,bachelors,travel,0,basic,no,1
68,594200,261500,masters,education,6,fluent,no,1
34,920400,169900,high_school,business,0,fluent,no,1
78,647700,389100,bachelors,education,0,basic,no,0
38,243700,112900,high_school,medical,0,good,no,0
52,748800,388800,high_school,education,4,good,no,1
50,1631700,785600,bachelors,travel,2,good,no,1
71,777700,498500,masters,travel,8,basic,no,1
45,1276400,482900,high_school,travel,1,fluent,no,1
35,304300,249400,bachelors,education,0,good,no,1
19,391700,182500,bachelors,education,5,good,no,1
40,996900,405000,phd,medical,3,basic,no,1
70,793200,668000,masters,travel,6,fluent,no,1
18,374400,156700,high_school,business,1,good,no,0
74,581600,123500,high_school,travel,4,good,no,0
52,565700,150800,bachelors,business,0,good,no,1
26,443500,304100,high_school,business,10,fluent,no,1
37,1259600,720200,phd,travel,0,fluent,no,1
52,748600,412500,phd,education,6,good,no,1
37,1019500,215600,phd,business,0,fluent,no,1
24,530400,144800,bachelors,business,5,basic,no,1
59,501200,224100,masters,business,6,basic,no,1
60,1480400,719500,masters,medical,6,good,yes,0
25,1382300,597800,high_school,education,2,fluent,no,1
35,1358600,716100,bachelors,business,1,good,no,1
33,648500,454100,high_school,business,6,fluent,no,1
59,531600,333200,bachelors,travel,3,basic,no,1
64,923000,561600,phd,business,3,fluent,no,1
63,1739600,988700,masters,travel,0,good,no,1
77,215700,64900,bachelors,travel,1,fluent,no,0
66,619500,373900,bachelors,medical,1,good,no,0
38,809200,217500,high_school,business,3,fluent,no,1
24,404500,277000,bachelors,education,0,good,no,0
56,682100,333700,high_school,business,1,good,no,1
75,930800,545500,bachelors,medical,6,basic,no,1
79,437100,348400,masters,medical,2,fluent,no,0
32,1020300,438500,masters,education,7,good,no,1
32,692600,155700,masters,travel,0,fluent,no,1
20,679300,556000,high_school,business,1,basic,no,0
26,1405900,595700,masters,education,2,fluent,no,1
52,672900,306100,high_school,education,1,basic,no,0
52,787300,292900,bachelors,business,4,fluent,no,1
41,886800,412500,bachelors,travel,0,good,no,1
37,283000,153000,high_school,travel,2,basic,no,0
70,531300,415700,high_school,education,0,fluent,no,0
46,488200,336900,bachelors,education,3,good,no,1
68,953000,509800,high_school,travel,6,basic,no,1
78,1573700,1137600,phd,travel,0,basic,no,0
37,1099900,864300,bachelors,business,2,fluent,no,1
30,1941300,375900,bachelors,travel,2,good,no,1
78,901400,535600,phd,business,4,good,no,1
57,559300,102000,bachelors,education,0,fluent,no,1
36,622800,237300,bachelors,travel,1,basic,no,0
57,447700,323200,phd,travel,5,basic,no,1
50,233800,173800,high_school,business,2,fluent,no,1
75,760400,618100,high_school,business,4,basic,no,0
34,351200,183900,bachelors,travel,1,basic,no,0
80,418900,89300,bachelors,business,7,fluent,no,1
76,919700,225400,masters,business,0,good,no,1
29,430700,143500,high_school,education,0,good,no,0
28,1231300,528400,bachelors,travel,2,good,no,1
51,1005500,547900,masters,travel,2,good,no,1
20,696600,442000,phd,travel,3,fluent,no,1
36,922100,250700,high_school,education,0,good,no,0
45,806800,235400,high_school,travel,0,good,no,0
79,497400,139100,phd,education,4,good,no,1
80,869100,622500,bachelors,medical,0,good,no,0
27,364700,137300,high_school,education,4,basic,no,0
74,359400,98800,high_school,travel,3,basic,no,0
23,2719700,1287900,masters,education,0,fluent,no,1
65,810000,271900,bachelors,travel,4,good,no,1
71,671200,286600,bachelors,travel,6,good,no,1
74,1019200,782800,masters,travel,5,basic,no,1
32,874000,350000,high_school,travel,0,basic,no,0
74,367400,103300,high_school,business,2,good,no,0
25,565000,183300,bachelors,travel,7,good,no,1
50,1395800,245300,masters,business,3,good,no,1
47,328600,271400,bachelors,travel,0,basic,no,0
37,1677300,1128400,masters,travel,0,basic,no,1
19,223500,111200,high_school,medical,4,good,no,0
66,472000,269300,high_school,business,5,fluent,no,1
39,448600,152800,phd,travel,7,basic,no,1
59,302300,136900,high_school,travel,7,basic,no,1
43,1103200,430100,high_school,business,1,good,no,1
41,1727600,1327500,masters,business,3,basic,no,1
73,1425000,1008300,bachelors,business,0,fluent,no,1
23,341000,123800,bachelors,business,0,basic,no,1
64,545600,393800,masters,business,0,fluent,no,1
65,651400,143600,high_school,travel,7,fluent,no,1
41,1441500,435200,masters,travel,0,fluent,no,1
34,487400,112000,bachelors,business,2,fluent,no,1
18,393000,129200,high_school,business,1,good,no,0
77,522100,166900,masters,business,1,basic,no,0
77,1883200,1554400,bachelors,travel,2,basic,no,0
33,749000,296300,masters,travel,0,good,no,1
20,1099500,457800,phd,travel,1,basic,no,1
25,1018400,228900,masters,business,2,good,no,1
22,1389700,277200,bachelors,business,5,good,no,1
70,320000,100700,high_school,medical,4,basic,no,0
74,1849300,464000,masters,business,6,fluent,no,1
27,374400,152900,bachelors,business,1,fluent,no,1
65,1846700,534700,masters,business,0,fluent,no,1
29,378700,107400,masters,medical,1,fluent,no,0
41,714200,454000,bachelors,travel,8,basic,no,1
55,1321100,1131600,high_school,travel,0,basic,yes,0
63,1110100,176900,bachelors,medical,0,basic,no,0
73,953700,647700,bachelors,business,8,fluent,no,1
20,425000,273900,bachelors,medical,8,good,no,1
30,505000,297300,bachelors,business,0,basic,no,1
35,2037400,1363500,masters,travel,5,fluent,yes,0
37,980900,521400,bachelors,travel,1,basic,yes,0
80,881700,745200,high_school,travel,2,good,no,0
66,1012900,272100,masters,medical,2,good,yes,0
38,833000,420800,masters,business,8,fluent,no,1
79,1647600,1054100,phd,medical,0,good,no,0
49,623200,518200,high_school,travel,5,fluent,no,1
49,885900,456700,masters,travel,0,basic,yes,0
45,446900,394500,masters,medical,3,good,no,1
27,1643700,1055900,masters,business,3,fluent,no,1
76,963700,649900,bachelors,medical,5,good,no,1
18,387100,295600,high_school,travel,7,good,no,1
28,1447100,1013600,bachelors,education,5,fluent,no,1
32,865100,468900,bachelors,business,4,basic,no,1
35,874400,637800,bachelors,travel,0,good,no,1
26,1757300,310700,phd,education,10,fluent,no,1
19,780600,663200,high_school,travel,2,fluent,no,0
60,1270200,974700,phd,business,1,fluent,no,1
79,682000,428500,bachelors,business,2,fluent,no,1
25,2895900,583700,masters,medical,1,basic,no,1
36,505300,187600,bachelors,business,3,fluent,yes,0
49,1140200,387900,bachelors,education,1,good,no,1
76,722400,247600,bachelors,medical,0,good,no,0
61,1387800,907700,phd,business,7,good,yes,0
66,1064900,859500,high_school,business,7,fluent,no,1
54,455300,301100,high_school,education,2,good,no,1
44,1504800,664500,phd,business,8,fluent,no,1
30,625300,548300,high_school,travel,1,basic,no,0
72,531700,423700,bachelors,education,1,basic,yes,0
68,1079400,716800,high_school,travel,7,good,no,1
19,799000,358000,high_school,travel,3,basic,no,0
63,595700,394900,bachelors,education,5,fluent,no,1
23,1388100,633000,bachelors,travel,1,basic,no,0
64,478900,127600,bachelors,business,1,fluent,no,1
70,744600,457300,bachelors,travel,0,basic,no,0
26,768100,517400,masters,medical,8,basic,no,1
45,1633700,673000,phd,education,0,good,no,1
25,581100,492200,bachelors,travel,2,basic,no,0
53,1148100,907800,bachelors,travel,0,basic,no,1
76,1049100,616000,bachelors,business,3,good,no,1
23,791300,154400,masters,business,1,good,no,1
43,2069500,337100,bachelors,business,5,fluent,no,1
79,645600,406700,masters,medical,2,basic,no,0
36,348500,265000,bachelors,business,0,good,no,1
26,1211400,636300,bachelors,education,0,fluent,yes,0
48,298200,50000,masters,business,0,fluent,no,1
50,1718500,444400,bachelors,business,4,fluent,no,1
59,800100,246800,bachelors,travel,6,basic,no,1
37,345100,214200,bachelors,travel,1,fluent,no,1
78,449000,231000,bachelors,education,2,good,no,0
50,308000,69800,bachelors,medical,0,basic,no,0
36,1200600,631800,masters,medical,7,fluent,no,1
78,364600,292500,bachelors,business,8,fluent,no,1
76,712200,341400,high_school,education,5,good,yes,0
49,457000,119900,high_school,business,0,fluent,no,1
19,582500,339900,bachelors,medical,1,basic,no,0
55,1430100,1211400,phd,travel,10,fluent,no,1
52,1066000,252600,bachelors,travel,0,good,no,1
27,1420700,379800,bachelors,business,4,good,no,1
57,533900,307100,bachelors,business,8,good,no,1
70,1063200,430600,phd,business,5,basic,no,1
24,685800,563500,masters,medical,3,fluent,no,1
63,591000,404600,high_school,education,2,basic,no,0
26,493100,128400,bachelors,medical,7,basic,no,1
65,770300,618600,masters,business,1,fluent,no,1
44,772500,488000,masters,travel,7,good,no,1
18,889000,462500,bachelors,business,1,good,no,1
78,974200,333600,masters,travel,5,fluent,no,1
28,999400,636900,bachelors,travel,7,good,no,1
55,509500,419800,high_school,business,2,fluent,yes,0
29,392800,70300,high_school,travel,1,basic,no,0
76,840400,362500,bachelors,business,0,basic,no,1
64,326300,277900,high_school,travel,5,good,no,1
68,1034600,452300,bachelors,education,3,basic,no,1
45,831300,147100,masters,business,0,fluent,no,1
47,1088500,246100,masters,medical,6,basic,no,1
57,609900,407500,high_school,travel,7,fluent,yes,0
67,1303900,880300,high_school,education,7,fluent,no,1
71,1199800,283500,masters,education,3,fluent,no,1
19,787600,247600,bachelors,education,9,fluent,no,1
59,369200,211500,high_school,education,6,fluent,no,1
24,1512200,1005500,masters,medical,0,good,yes,0
36,465700,124600,high_school,travel,9,good,no,1
70,233500,114900,high_school,business,2,fluent,no,0
33,873700,499300,masters,business,7,fluent,no,1
68,840500,157400,bachelors,travel,5,fluent,no,1
47,482300,153300,bachelors,business,3,fluent,no,1
32,911400,764800,masters,business,1,good,no,1
39,1039100,841700,phd,business,0,fluent,yes,0
51,524000,205300,high_school,travel,0,fluent,no,0
66,1491800,1194900,bachelors,business,4,fluent,no,1
56,262700,164000,high_school,travel,6,fluent,no,1
76,2315300,2051900,bachelors,education,0,good,no,1
72,743000,649900,bachelors,education,0,fluent,yes,0
65,1040900,637800,bachelors,travel,4,basic,no,1
55,579700,290400,high_school,travel,0,fluent,no,0
36,376400,96600,masters,travel,0,basic,no,0
43,423100,231800,bachelors,travel,0,basic,no,0
25,729000,327100,masters,education,3,basic,no,1
41,1306700,828700,bachelors,business,3,good,no,1
76,454300,98600,masters,medical,6,basic,no,0
44,472500,366700,bachelors,business,1,fluent,no,1
25,828300,725000,bachelors,education,0,good,no,1
59,1261600,387300,masters,travel,5,fluent,no,1
78,1240800,775000,masters,business,9,good,no,1
72,440300,330900,bachelors,education,1,basic,no,0
35,314100,177700,bachelors,business,6,fluent,no,1
46,1017600,866600,bachelors,education,5,fluent,no,1
51,1663900,888400,bachelors,travel,7,good,no,1
33,625700,220800,bachelors,business,1,fluent,no,1
34,518200,261000,masters,business,0,fluent,no,1
32,597200,308100,bachelors,education,0,good,no,1
80,939600,319700,bachelors,business,5,fluent,no,1
64,665500,492600,bachelors,medical,6,good,no,1
70,2343400,1437200,phd,education,2,fluent,yes,0
69,1258200,538200,bachelors,education,0,good,no,1
78,598000,278800,high_school,business,0,basic,no,0
24,184400,79100,high_school,education,3,good,yes,0
73,664700,323000,masters,medical,7,good,no,1
22,559600,305600,bachelors,business,1,fluent,no,1
47,501700,199800,bachelors,travel,3,basic,no,1
55,600200,458300,high_school,business,2,fluent,no,1
40,1092600,924600,masters,travel,7,basic,no,1
27,301300,163300,bachelors,education,6,good,no,1
30,1177600,804900,bachelors,travel,0,fluent,no,1
69,545200,462300,high_school,travel,4,good,no,0
38,657800,193400,high_school,travel,6,basic,no,1
37,814000,237900,high_school,business,8,good,no,1
76,496200,101500,bachelors,business,3,good,no,0
27,1511900,728100,bachelors,medical,0,good,yes,0
75,499800,199100,high_school,travel,2,fluent,no,0
76,1738200,991500,bachelors,travel,3,good,no,1
55,330500,161400,high_school,education,0,good,yes,0
28,1668600,488300,bachelors,business,9,good,no,1
27,328700,145700,high_school,business,0,fluent,no,1
35,2195300,376900,high_school,business,7,good,no,1
54,320100,177000,high_school,medical,1,basic,no,0
27,1739200,614500,masters,education,0,fluent,no,1
46,885400,207400,phd,travel,2,good,no,1
25,1121000,223500,bachelors,business,3,good,no,1
52,528500,362500,high_school,business,6,basic,no,1
19,593000,199000,phd,travel,2,fluent,no,1
62,232100,149500,phd,travel,0,basic,no,0
21,3004600,2288400,bachelors,medical,7,good,no,1
30,562500,295300,high_school,education,2,fluent,no,1
29,192700,48100,masters,travel,0,good,no,0
70,1276400,779800,phd,education,7,fluent,no,1
21,1421300,289500,masters,medical,0,basic,no,0
45,510500,389400,bachelors,travel,0,good,no,1
55,512400,369500,bachelors,travel,2,fluent,no,1
50,1069000,482700,phd,medical,3,good,no,1
60,1047000,368400,high_school,business,2,fluent,no,1
68,570900,389400,high_school,medical,7,basic,no,1
42,2175000,1251500,masters,business,0,fluent,no,1
70,1006700,260600,high_school,travel,10,fluent,no,1
38,667100,479900,bachelors,education,0,fluent,no,1
80,318900,127700,bachelors,travel,0,fluent,no,0
49,477000,391300,high_school,travel,0,good,no,0
64,721800,557300,high_school,travel,0,good,no,0
73,781800,279000,bachelors,business,1,good,no,1
67,1072400,366200,bachelors,business,6,fluent,no,1
71,1216300,545400,bachelors,business,6,fluent,no,1
51,1013000,763200,bachelors,travel,4,good,no,1
20,928900,230400,phd,travel,0,basic,no,0
49,1006900,389700,bachelors,business,6,fluent,no,1
29,3695600,2381200,phd,medical,1,good,no,1
74,333400,58400,bachelors,travel,4,fluent,no,0
32,706500,135600,high_school,travel,4,basic,no,0
32,2664100,1922500,masters,travel,0,basic,no,1
33,509800,276200,masters,business,2,good,no,1
58,937200,532500,high_school,education,7,basic,no,1
53,1412100,475400,bachelors,travel,0,fluent,no,1
77,431700,236900,masters,business,4,good,no,1
44,799500,446700,high_school,medical,8,good,no,1
35,651600,300000,bachelors,education,1,good,no,1
21,522700,456500,high_school,education,1,good,no,0
18,451900,84500,high_school,medical,2,fluent,no,0
41,2002200,923400,masters,medical,5,good,no,1
76,711300,564100,bachelors,travel,1,basic,no,0
50,753900,229700,masters,travel,2,basic,no,1
74,760900,647700,masters,travel,0,fluent,no,1
24,895900,420300,phd,business,9,fluent,no,1
23,417800,111700,bachelors,business,7,good,no,1
70,583500,128300,bachelors,business,3,fluent,no,1
24,807100,319000,bachelors,education,8,basic,no,1
21,944900,793500,bachelors,education,4,good,no,1
43,1466900,1253200,bachelors,education,8,basic,no,1
76,1110500,635700,masters,travel,0,fluent,no,1
61,582800,139100,bachelors,business,0,fluent,no,1
24,309900,152600,high_school,travel,7,basic,no,0
70,1143700,529900,masters,travel,1,good,no,1
71,911900,294800,masters,medical,1,basic,no,0
68,722200,149500,bachelors,medical,5,basic,no,1
74,1123700,490100,masters,medical,3,basic,no,0
33,1006600,431700,bachelors,medical,1,basic,yes,0
79,1128200,764900,masters,medical,1,fluent,no,0
38,688800,307000,bachelors,travel,1,basic,no,1
68,486900,77800,bachelors,business,0,fluent,no,1
54,385800,63700,high_school,business,0,basic,no,1
67,861600,573500,high_school,travel,2,good,no,0
57,770500,497400,masters,business,5,good,no,1
58,360800,97500,bachelors,business,1,fluent,yes,0
56,1022500,817700,high_school,medical,1,basic,no,0
67,321800,208200,high_school,business,3,good,no,0
64,771300,204800,bachelors,medical,0,good,no,0
26,1274300,466000,masters,education,1,fluent,no,1
70,757900,667100,bachelors,travel,0,good,no,0
51,248900,113500,masters,education,3,basic,no,1
38,1205700,395000,masters,travel,0,basic,no,1
50,1569100,852200,bachelors,travel,1,fluent,no,1
78,1499100,456000,masters,business,3,fluent,no,1
72,168000,125000,high_school,medical,6,good,no,0
70,2437400,1817600,bachelors,travel,4,basic,no,1
47,260600,195600,high_school,business,8,good,no,1
67,298600,183000,high_school,education,4,fluent,no,1
42,830700,557000,high_school,education,1,fluent,no,1
61,693200,271100,high_school,travel,0,basic,no,0
58,1016600,822600,masters,travel,0,fluent,no,1
33,553100,142800,bachelors,business,0,fluent,no,1
34,2247000,765900,phd,education,0,good,no,1
21,740300,662200,bachelors,business,1,good,no,1
26,319700,278200,bachelors,business,4,fluent,no,1
45,1064200,564800,high_school,business,4,good,no,1
48,853500,447500,bachelors,travel,1,good,no,1
28,1396800,331900,bachelors,travel,2,good,no,1
44,1480700,954700,phd,travel,0,basic,no,1
56,4027000,697800,phd,business,2,fluent,no,1
32,455700,175800,high_school,business,2,good,no,1
39,763200,354000,bachelors,travel,1,good,no,1
41,1124000,922200,bachelors,business,0,fluent,no,1
49,640100,560900,bachelors,education,9,good,no,1
41,840200,739800,high_school,medical,2,good,no,1
64,192300,144100,masters,travel,2,good,no,1
38,934500,343400,masters,medical,0,fluent,yes,0
45,714800,131500,bachelors,business,0,fluent,no,1
41,700700,328800,bachelors,business,1,fluent,no,1
29,333600,124400,high_school,education,8,good,no,1
61,1778900,1141000,phd,education,0,good,no,1
32,409400,175300,high_school,education,1,good,no,0
36,603300,493500,high_school,business,10,basic,no,1
67,741200,319100,bachelors,education,2,fluent,no,1
77,1280800,555200,masters,travel,1,basic,no,0
60,2136800,1537100,masters,travel,3,basic,no,1
75,601600,356500,high_school,business,2,good,no,0
71,858400,293100,high_school,medical,8,basic,no,1
48,1053300,692600,masters,business,0,good,no,1
66,572700,327700,bachelors,education,5,good,no,1
38,499900,114000,high_school,travel,0,good,no,0
47,924700,462800,phd,education,5,good,no,1
51,738600,619700,high_school,education,6,good,no,1
78,802200,247800,bachelors,medical,6,fluent,no,1
71,349100,160900,high_school,business,6,basic,no,0
48,860900,307300,masters,business,4,fluent,yes,0
59,420200,232200,masters,travel,0,good,no,1
30,683500,602400,bachelors,travel,0,good,no,1
68,973400,372200,masters,business,1,fluent,no,1
52,2922000,2263500,phd,business,2,fluent,no,1
51,2042000,1590200,masters,travel,1,fluent,no,1
66,428400,147600,bachelors,business,4,fluent,no,1
57,845300,616600,bachelors,business,4,good,no,1
22,1097300,977800,masters,medical,9,basic,no,1
36,476000,412000,high_school,travel,1,basic,no,0
29,493000,297900,high_school,medical,5,basic,no,0
64,444800,117300,high_school,medical,4,good,no,0
20,2724400,652500,masters,business,9,good,no,1
30,429800,150500,high_school,education,5,good,no,1
55,912500,548400,bachelors,travel,0,good,no,1
61,188200,82700,bachelors,education,0,fluent,no,0
49,850000,573100,high_school,business,8,fluent,no,1
72,1451100,1075000,bachelors,business,4,fluent,no,1
75,424200,121000,bachelors,business,5,good,no,1
26,407800,338100,high_school,travel,5,good,no,1
78,1385400,270700,phd,medical,4,fluent,no,1
56,546200,190500,high_school,education,5,fluent,no,1
58,1257100,956800,masters,education,7,good,no,1
23,646000,185900,bachelors,medical,7,good,no,1
57,1505700,474500,high_school,education,1,basic,no,0
63,373900,329700,high_school,business,0,fluent,no,1
54,3324500,2773500,bachelors,medical,0,good,no,1
23,1497800,1137700,bachelors,travel,1,good,no,1
50,854000,239400,high_school,business,6,fluent,yes,0
76,609800,208200,phd,travel,6,good,no,1
63,1247700,407200,bachelors,medical,1,basic,no,0
26,1506500,439700,phd,business,1,fluent,no,1
78,168400,147800,high_school,travel,2,good,no,0
78,249600,68500,high_school,business,6,basic,no,0
28,921000,653900,bachelors,business,3,good,yes,0
68,703000,132300,bachelors,business,0,fluent,no,1
43,406700,226900,high_school,education,1,good,no,0
55,978200,198700,high_school,medical,2,good,no,0
46,332300,65200,high_school,business,2,fluent,no,1
67,757200,244300,masters,business,6,fluent,no,1
80,530000,447400,bachelors,business,8,fluent,no,1
68,1430800,900100,phd,business,0,fluent,no,1
76,209900,134000,high_school,travel,0,basic,no,0
77,575400,214800,bachelors,education,1,fluent,no,0
23,293300,203200,bachelors,travel,0,fluent,yes,0
33,636900,421100,bachelors,travel,1,good,no,1
63,1447700,718400,masters,travel,0,good,no,1
55,1461900,967700,masters,business,0,good,no,1
21,362200,289900,high_school,business,6,good,no,1
23,1014400,882800,bachelors,medical,0,basic,no,0
50,878500,788400,masters,education,6,basic,no,1
56,1142300,589700,high_school,medical,1,fluent,yes,0
28,704300,122900,bachelors,medical,1,basic,no,0
28,147500,47500,bachelors,travel,0,good,no,0
26,1237400,368300,bachelors,medical,0,basic,no,0
53,587700,220600,bachelors,travel,1,good,no,1
18,650600,273500,bachelors,business,6,good,no,1
54,1170000,762300,masters,business,7,good,no,1
47,345500,188000,bachelors,business,0,fluent,no,1
47,1126000,717600,phd,business,0,fluent,no,1
60,1305100,1147000,masters,travel,0,good,no,1
50,924200,172600,bachelors,education,5,fluent,no,1
63,544200,87500,bachelors,education,0,fluent,no,1
66,1305400,847400,bachelors,travel,0,good,no,1
75,561900,314500,masters,business,7,good,no,1
68,383100,196200,high_school,education,6,basic,no,0
50,1002800,792200,phd,travel,4,fluent,no,1
49,890000,239500,bachelors,business,0,fluent,yes,0
32,632800,367200,bachelors,business,1,good,no,1
55,1486900,1262300,bachelors,travel,0,fluent,no,1
26,889900,431100,bachelors,business,4,good,no,1
76,1014000,593100,masters,education,5,fluent,no,1
71,1122300,227300,masters,education,0,good,no,1
25,808600,333100,high_school,education,7,fluent,no,1
67,863600,156400,bachelors,business,2,good,no,1
25,279600,162000,bachelors,education,5,basic,no,1
63,1377400,816600,bachelors,education,0,fluent,no,1
23,808000,697400,bachelors,business,1,good,no,1
48,787500,495200,high_school,travel,0,fluent,no,1
59,778000,118400,masters,travel,4,good,no,1
63,277000,214700,bachelors,travel,0,basic,no,0
44,216000,85800,bachelors,business,1,good,no,1
76,578600,396700,masters,travel,5,fluent,no,1
66,1292800,449900,masters,business,4,fluent,no,1
31,1986000,1430300,masters,business,3,fluent,no,1
60,638000,539500,high_school,business,4,basic,no,1
64,302900,63500,high_school,medical,3,fluent,no,0
39,631900,352800,masters,business,3,fluent,no,1
64,1142200,634300,high_school,travel,1,good,no,0
74,262800,95900,high_school,travel,0,good,no,0
69,1716800,697500,high_school,medical,1,basic,no,0
66,2122900,1395000,bachelors,travel,0,fluent,no,1
57,3496400,1291800,phd,medical,2,fluent,no,1
35,666200,115200,high_school,business,2,good,no,1
68,627000,455800,bachelors,business,0,fluent,no,1
40,1314700,813700,phd,travel,5,basic,no,1
51,1781300,601800,phd,travel,4,basic,no,1
37,377800,329100,high_school,education,2,basic,no,0
37,530800,437300,masters,medical,7,basic,no,1
27,462200,403600,high_school,travel,0,basic,no,0
78,636000,339700,masters,medical,0,basic,no,0
27,1069300,349000,high_school,travel,0,basic,no,0
23,539000,151100,bachelors,business,2,fluent,no,1
76,569600,490600,high_school,travel,0,fluent,no,0
52,1670200,1366400,masters,business,6,fluent,no,1
45,1092400,770900,high_school,education,1,good,no,1
64,848500,452200,bachelors,business,2,fluent,no,1
42,1201600,526700,masters,travel,2,basic,no,1
26,308900,209300,high_school,travel,1,fluent,no,0
63,1707400,268300,masters,business,4,fluent,no,1
29,1515700,823300,bachelors,business,4,good,no,1
52,193200,127300,high_school,education,5,basic,no,0
77,1424900,1019300,high_school,business,3,fluent,yes,0
76,514600,251300,bachelors,travel,2,fluent,yes,0
40,749400,531200,high_school,travel,1,good,no,1
67,789500,175200,bachelors,business,4,fluent,no,1
56,731800,237800,bachelors,business,1,fluent,no,1
48,675300,174500,bachelors,education,1,basic,no,1
26,438300,177500,bachelors,medical,0,good,no,0
41,1297400,529500,masters,business,4,good,no,1
59,646400,278200,bachelors,medical,0,good,no,0
80,368200,183900,bachelors,travel,10,basic,no,1
18,550500,262700,masters,travel,0,fluent,no,0
63,265400,137400,high_school,education,1,fluent,no,0
71,566900,405000,bachelors,education,0,good,no,0
77,1411200,362000,phd,education,0,good,no,0
44,511600,211300,bachelors,travel,1,good,no,1
25,1848000,277400,phd,travel,4,good,no,1
35,708500,121300,bachelors,travel,0,fluent,no,1
71,645200,390200,bachelors,business,0,good,no,1
73,763500,616100,bachelors,education,0,good,yes,0
58,1164000,441700,high_school,business,1,fluent,no,1
25,508300,229500,phd,business,8,good,no,1
25,1343800,413100,high_school,business,1,fluent,yes,0
48,1832600,471200,phd,business,5,basic,yes,0
55,961100,781400,masters,travel,2,basic,no,1
20,2071600,1199600,phd,travel,1,good,no,1
61,905100,614300,phd,travel,6,fluent,no,1
52,885200,718300,bachelors,business,0,good,no,1
18,802400,474500,phd,travel,6,basic,no,1
24,1655100,472100,masters,travel,2,good,yes,0
46,512700,351200,bachelors,education,1,fluent,no,1
63,945600,672200,masters,travel,7,good,no,1
70,785100,361500,high_school,travel,1,basic,no,0
45,961700,589100,high_school,travel,9,good,no,1
36,481600,247300,bachelors,medical,8,good,no,1
79,1144800,457600,bachelors,education,0,fluent,no,0
46,314900,206000,high_school,travel,1,basic,no,0
37,231800,77800,bachelors,travel,5,basic,no,1
45,644600,255000,masters,business,0,good,no,1
18,1539300,699300,masters,medical,4,good,no,1
37,966100,590300,masters,travel,0,good,yes,0
50,805200,635400,phd,business,0,good,no,1
75,1002800,612900,masters,medical,2,good,no,0
64,765900,532000,bachelors,education,4,fluent,no,1
67,760700,281100,high_school,business,4,basic,no,0
52,445400,263000,phd,business,3,fluent,no,1
24,510800,116400,high_school,business,0,fluent,no,1
42,578600,287800,high_school,travel,1,good,no,0
80,357000,238300,bachelors,business,0,fluent,no,1
20,354300,100900,bachelors,medical,0,fluent,no,0
73,795900,657900,masters,medical,1,basic,no,0
61,542900,251300,high_school,travel,3,basic,no,0
35,979100,639700,masters,travel,0,basic,no,1
67,397900,199900,high_school,business,0,good,no,1
70,544700,380900,bachelors,business,4,fluent,yes,0
20,608700,358100,bachelors,education,0,fluent,no,0
24,891500,215700,bachelors,business,9,fluent,no,1
59,1928600,1626800,masters,business,1,good,no,1
80,159300,102800,high_school,travel,0,good,no,0
19,761200,383700,high_school,business,7,basic,yes,0
59,508300,334200,high_school,travel,3,good,no,1
26,1298800,449000,masters,education,5,basic,no,1
58,2074400,1507500,phd,education,1,fluent,no,1
57,642100,294400,masters,travel,1,fluent,no,1
23,1271700,958600,bachelors,education,3,good,yes,0
60,542200,192800,phd,travel,1,good,no,1
74,811500,602700,bachelors,education,2,good,no,1
72,472900,392500,high_school,travel,0,fluent,yes,0
19,776000,687200,bachelors,business,1,good,no,1
33,439100,321700,bachelors,medical,0,basic,no,0
33,962000,652200,bachelors,business,5,fluent,no,1
46,1810200,977400,bachelors,business,1,basic,no,1
27,443300,101600,bachelors,business,9,fluent,no,1
71,839700,478500,bachelors,travel,0,basic,no,0
66,1211300,693400,bachelors,travel,2,good,no,1
68,459000,91100,high_school,travel,1,fluent,no,0
30,2055400,1372900,masters,medical,4,basic,no,1
18,767900,201000,masters,business,5,good,no,1
75,506900,302900,high_school,travel,2,good,no,0
36,312900,157900,high_school,travel,1,basic,no,0
59,579300,467100,high_school,education,4,good,no,1
75,541300,175500,high_school,business,0,fluent,no,1
20,766600,213400,high_school,business,3,good,no,1
18,380800,214500,high_school,travel,4,fluent,no,0
18,668400,331000,masters,education,0,good,no,0
27,1254400,339900,masters,education,3,good,no,1
21,2097500,1280100,masters,travel,4,basic,no,1
69,1069200,886800,bachelors,education,0,basic,no,0
56,2686800,1894700,masters,travel,1,basic,no,1
79,1320100,405500,masters,business,1,fluent,no,1
68,1294200,425500,masters,business,5,fluent,no,1
78,1413200,802900,masters,business,2,fluent,no,1
33,2205100,1451300,masters,travel,1,basic,no,1
36,1921200,1698800,masters,travel,1,good,no,1
71,416600,95200,bachelors,travel,0,fluent,no,0
33,839300,469800,high_school,travel,0,good,no,0
21,625300,556800,high_school,travel,0,basic,no,0
60,679900,158500,bachelors,education,0,fluent,no,1
68,203800,179200,high_school,education,0,basic,no,0
78,231600,115000,high_school,travel,3,basic,no,0
76,442200,304300,high_school,travel,3,fluent,no,0
25,338000,158500,bachelors,travel,0,good,no,0
66,894600,698500,phd,travel,3,good,no,1
71,1120600,931700,bachelors,travel,0,good,no,0
61,392600,108000,high_school,travel,1,fluent,no,0
69,792000,562700,bachelors,education,9,basic,no,1
70,420000,69500,bachelors,travel,2,fluent,no,0
46,1146400,410000,masters,business,0,good,no,1
20,1000400,564500,bachelors,travel,1,basic,no,0
46,247100,148900,high_school,medical,4,good,no,1
30,500300,212100,bachelors,business,0,fluent,no,1
25,269200,95000,high_school,medical,8,basic,yes,0
25,1287000,358700,masters,business,1,good,no,1
61,1182700,390000,phd,travel,0,good,no,1
49,1051600,260500,phd,travel,2,good,no,1
52,503600,174200,high_school,business,4,fluent,no,1
64,1161600,889700,masters,medical,2,fluent,yes,0
52,1174500,429400,masters,travel,7,good,no,1
57,740600,615300,masters,medical,7,good,yes,0
23,533300,178100,bachelors,business,0,good,no,1
71,732400,380100,bachelors,medical,0,good,no,0
46,486800,134200,high_school,medical,1,basic,no,0
27,1678400,273300,high_school,travel,3,basic,no,0
69,787500,487600,masters,business,3,good,no,1
64,887200,357800,bachelors,education,0,good,yes,0
21,698200,285400,high_school,travel,8,fluent,no,1
30,2101300,957800,masters,medical,1,good,no,1
18,484200,355100,bachelors,travel,5,good,no,1
35,2257900,1015600,phd,business,6,fluent,no,1
24,896900,192700,masters,business,0,fluent,no,1
62,3849800,1382300,masters,education,0,good,no,1
50,1187300,691100,masters,medical,0,good,no,1
79,274900,246100,high_school,business,7,fluent,no,1
65,484800,124800,high_school,education,1,basic,no,0
56,2253700,884800,phd,medical,6,good,no,1
50,565200,290600,high_school,business,2,fluent,no,1
21,732100,628500,bachelors,business,2,fluent,no,1
22,1123500,259900,bachelors,education,7,fluent,no,1
56,447000,333200,high_school,travel,1,fluent,no,1
18,481200,333100,high_school,business,4,fluent,no,1
20,450000,170900,bachelors,education,1,basic,no,0
31,1957800,1429800,bachelors,travel,0,good,no,1
73,496500,288500,masters,medical,0,fluent,no,0
46,593200,165200,high_school,medical,0,fluent,no,0
62,985000,358800,bachelors,education,4,fluent,no,1
43,536300,212500,high_school,travel,1,basic,no,0
28,379600,148900,bachelors,business,2,fluent,no,1
41,312000,221400,high_school,travel,0,fluent,no,0
23,720300,464800,high_school,business,3,fluent,no,1
66,633400,484500,masters,education,5,fluent,no,1
29,172900,92200,high_school,business,3,fluent,no,1
41,1203400,496900,masters,travel,9,good,no,1
79,468200,94000,bachelors,business,0,good,no,0
55,764600,570200,high_school,business,0,basic,no,1
46,677100,139500,bachelors,business,2,fluent,no,1
52,847800,318900,masters,travel,0,fluent,no,1
67,778600,507400,bachelors,education,4,fluent,no,1
34,288900,208900,high_school,business,5,good,no,1
58,480400,96700,bachelors,medical,0,basic,no,0
72,655700,397200,bachelors,medical,7,basic,no,1
54,518300,131100,masters,travel,0,fluent,no,1
46,1600400,1149000,phd,education,4,fluent,no,1
27,638800,445500,bachelors,travel,1,fluent,no,1
33,340900,242400,bachelors,business,3,good,no,1
77,556300,110000,bachelors,travel,0,good,no,0
52,1142600,650800,phd,business,8,fluent,no,1
36,591900,195700,bachelors,medical,8,basic,no,1
44,673300,351400,high_school,medical,2,fluent,no,1
54,1481900,1321900,phd,education,2,good,no,1
51,4049400,882200,phd,travel,3,basic,no,1
62,1424500,848300,bachelors,travel,3,basic,no,1
34,307600,84200,bachelors,medical,2,fluent,no,1
58,797800,424900,masters,business,3,fluent,no,1
45,840000,454200,masters,business,6,fluent,no,1
77,1038000,510900,bachelors,travel,3,fluent,no,1
27,452700,285100,bachelors,travel,0,good,no,0
27,564800,497400,bachelors,travel,7,fluent,no,1
47,381600,287700,bachelors,business,0,fluent,no,1
50,388000,337100,high_school,travel,0,basic,no,0
61,712900,208200,masters,business,10,fluent,no,1
43,454900,407100,high_school,business,0,good,no,1
75,393900,149200,bachelors,business,0,good,no,1
47,1669300,293200,masters,travel,2,good,no,1
26,980900,468100,bachelors,medical,6,fluent,no,1
25,341000,114100,bachelors,travel,0,basic,no,0
79,1096300,791100,phd,education,2,good,no,1
26,228500,49200,high_school,education,0,fluent,no,0
77,2035000,1141600,masters,travel,1,basic,no,0
35,1312900,481900,high_school,education,1,fluent,no,1
23,733700,223800,bachelors,education,0,fluent,no,1
37,473300,381800,bachelors,travel,8,basic,no,1
56,525000,281700,bachelors,business,3,good,no,1
44,589400,232300,bachelors,business,6,fluent,yes,0
67,509500,361500,high_school,medical,7,basic,no,1
56,1607600,1269800,bachelors,education,8,basic,no,1
43,914000,440200,high_school,medical,4,fluent,no,1
57,1659200,475500,masters,medical,1,fluent,no,1
79,830900,744300,bachelors,business,6,fluent,no,1
43,401100,168200,bachelors,education,2,good,no,1
27,353800,107600,high_school,travel,0,fluent,yes,0
43,782200,177900,bachelors,education,1,fluent,no,1
70,390800,94900,bachelors,business,1,fluent,no,1
31,894200,766600,bachelors,business,2,fluent,no,1
77,1514500,1302500,masters,education,5,fluent,no,1
55,729400,387300,high_school,education,2,good,no,1
55,713400,477300,high_school,travel,0,good,no,0
37,348500,269900,masters,travel,0,good,no,1
75,1125100,639200,high_school,travel,6,good,no,1
20,228200,148400,high_school,medical,1,basic,no,0
36,894300,782700,masters,travel,1,good,no,1
44,1366800,381900,masters,travel,5,fluent,no,1
48,658200,167200,high_school,travel,6,good,no,1
47,267600,191300,high_school,travel,2,basic,no,0
27,413500,280100,bachelors,travel,3,basic,no,0
32,885900,256400,bachelors,travel,0,basic,no,0
24,1001900,377500,bachelors,education,8,fluent,no,1
54,411500,273200,bachelors,medical,2,good,no,1
40,1207100,628600,masters,medical,4,basic,no,1
53,469700,385200,phd,travel,0,fluent,no,1
55,1066500,829600,bachelors,travel,3,basic,no,1
62,332300,171200,high_school,education,1,basic,no,0
52,790800,514100,bachelors,education,2,fluent,yes,0
58,515000,325800,high_school,travel,4,good,no,1
54,1432400,313800,bachelors,education,5,fluent,no,1
59,1111200,521400,masters,education,1,fluent,no,1
56,544100,261100,bachelors,education,6,fluent,no,1
37,658500,542000,high_school,education,0,basic,no,0
33,2457900,2000600,bachelors,business,2,fluent,yes,0
67,1623700,313700,phd,travel,0,good,no,1
39,523100,410000,high_school,travel,0,basic,no,0
52,615000,374400,masters,business,7,fluent,no,1
30,693000,112400,masters,medical,0,good,no,0
45,1099600,479700,bachelors,travel,7,fluent,no,1
51,464800,379300,bachelors,business,1,fluent,no,1
57,757600,317200,bachelors,education,4,good,no,1
51,1668000,1096400,bachelors,education,0,basic,no,1
40,821700,471900,bachelors,education,3,fluent,no,1
78,298500,176800,high_school,travel,7,good,no,0
50,3222300,1645300,masters,medical,2,basic,no,1
68,2564100,1312200,masters,travel,1,basic,no,1
64,996600,824200,bachelors,travel,5,fluent,no,1
53,1526000,702500,bachelors,business,4,good,no,1
73,466600,137000,high_school,travel,0,good,no,0
26,804900,374100,high_school,education,3,fluent,no,1
76,770500,539100,masters,travel,3,basic,no,0
71,256400,129800,high_school,travel,5,good,no,0
49,4046400,2828700,masters,education,1,good,no,1
64,349000,115100,bachelors,education,1,fluent,no,1
50,1145600,672500,masters,business,8,fluent,no,1
34,885300,706700,bachelors,medical,3,basic,no,1
68,1004800,549600,bachelors,education,2,good,yes,0
33,925800,581000,masters,medical,9,good,no,1
37,724200,477300,bachelors,medical,0,fluent,yes,0
50,583100,410900,high_school,medical,1,basic,no,0
70,1266400,522700,masters,education,5,good,no,1
42,755800,468700,bachelors,travel,4,fluent,no,1
49,520400,240500,high_school,business,8,good,no,1
20,365800,162100,bachelors,travel,3,good,no,0
25,2289900,1159600,bachelors,education,1,basic,no,1
21,1015700,463000,bachelors,travel,1,good,no,1
22,1091100,184800,masters,medical,0,basic,no,0
72,536600,379100,bachelors,business,7,fluent,no,1
71,311100,183000,high_school,travel,0,good,no,0
69,1214000,307400,bachelors,travel,2,basic,no,0
21,494900,171200,high_school,travel,1,fluent,no,0
22,1368700,832500,masters,business,0,fluent,no,1
35,256900,138300,high_school,business,0,fluent,no,1
53,1771300,1226700,bachelors,education,3,fluent,no,1
39,1242000,642000,bachelors,travel,0,basic,no,1
48,930200,728800,masters,business,8,fluent,yes,0
28,698900,145400,high_school,business,7,basic,no,1
64,812200,495400,high_school,travel,0,basic,no,0
37,518000,222000,phd,business,6,fluent,no,1
22,1903600,723600,bachelors,education,1,fluent,no,1
64,986800,846400,bachelors,education,0,good,no,1
74,660400,526900,masters,business,1,basic,no,1
18,591300,170200,phd,travel,5,fluent,no,1
45,1302000,251400,bachelors,business,3,basic,no,1
70,1213800,971600,phd,travel,0,basic,no,1
62,704600,195200,high_school,medical,4,basic,no,0
71,1096700,928000,phd,travel,4,basic,no,1
44,311300,111400,high_school,medical,4,basic,no,0
41,1000700,459100,bachelors,business,2,fluent,no,1
62,484700,89100,high_school,travel,5,basic,no,0
27,961100,531600,masters,travel,3,good,yes,0
33,3994800,1164700,phd,travel,0,good,no,1
55,1220100,577500,bachelors,medical,5,good,no,1
60,1259500,1057400,bachelors,business,1,fluent,no,1
25,3377900,1146600,bachelors,medical,4,good,no,1
50,667600,418000,high_school,medical,4,good,no,1
40,1038900,313200,masters,travel,1,good,no,1
49,371900,225900,high_school,travel,0,fluent,no,0
78,842600,309100,phd,travel,4,good,no,1
22,350500,231700,phd,business,6,fluent,no,1
80,834600,607600,high_school,education,6,basic,no,0
46,376900,305500,bachelors,travel,3,good,no,1
66,1775600,1489600,phd,medical,0,good,yes,0
44,949900,314400,masters,travel,1,basic,no,1
37,1043600,257500,masters,travel,5,fluent,no,1
66,527900,98400,high_school,education,1,good,no,0
61,1158200,799500,high_school,travel,4,basic,no,1
27,1891700,548900,masters,medical,1,fluent,no,1
62,744600,558500,bachelors,business,0,good,no,1
65,593200,518200,masters,medical,3,good,no,1
42,1616700,421900,masters,education,3,good,no,1
76,442600,160400,bachelors,medical,3,fluent,no,0
58,229800,124800,high_school,travel,0,good,no,0
39,995100,470600,bachelors,education,5,fluent,no,1
18,1901100,892500,masters,travel,2,fluent,no,1
60,605400,189400,bachelors,education,5,good,no,1
31,675000,551400,high_school,business,3,fluent,no,1
65,859900,568600,phd,travel,1,fluent,no,1
51,1446800,384000,masters,travel,4,good,yes,0
47,1381600,211800,bachelors,travel,3,fluent,yes,0
28,841700,607700,masters,travel,2,good,no,1
62,429900,69600,bachelors,education,3,basic,no,0
28,484900,392900,phd,business,0,good,no,1
44,1618300,885300,masters,education,7,good,no,1
70,404900,343200,bachelors,business,1,good,no,1
75,928300,676600,bachelors,education,0,good,no,0
80,1160100,952200,bachelors,education,5,good,no,1
78,738300,522600,masters,travel,0,good,no,0
53,690400,402100,bachelors,education,10,basic,no,1
30,1310500,366700,bachelors,medical,1,fluent,no,1
70,692900,482100,phd,education,0,good,yes,0
68,458700,272600,bachelors,travel,0,basic,no,0
80,855000,419800,masters,travel,0,good,no,0
59,1964300,1117600,masters,education,0,good,no,1
26,1834700,594800,bachelors,business,0,fluent,no,1
49,511800,232000,high_school,education,1,good,no,0
46,657400,159800,masters,travel,1,basic,no,1
71,1358300,621200,bachelors,education,1,fluent,no,1
42,215800,107900,high_school,business,0,good,no,1
38,1114600,884200,masters,business,0,basic,no,1
23,738500,402800,bachelors,medical,0,good,no,0
70,1541200,1281700,bachelors,medical,0,good,no,0
65,2095000,1835100,masters,medical,1,good,no,1
20,450500,84100,bachelors,medical,0,good,no,0
45,829600,496000,bachelors,travel,1,good,no,1
48,552700,206900,bachelors,business,7,fluent,no,1
47,459900,362600,high_school,business,0,basic,no,1
75,1062400,553000,bachelors,travel,0,basic,yes,0
27,449500,93700,high_school,business,3,fluent,no,1
37,601200,187100,high_school,medical,2,good,no,0
29,1646700,1079300,masters,business,0,good,yes,0
33,1243400,260800,high_school,business,5,good,no,1
75,1266700,550100,phd,business,4,fluent,no,1
77,807100,648700,bachelors,business,9,good,no,1
20,411500,70700,bachelors,business,8,good,no,1
57,2585300,1737700,phd,education,3,basic,no,1
32,993600,652400,bachelors,travel,4,good,no,1
30,815400,318500,bachelors,travel,1,good,no,1
36,1019200,239000,masters,medical,7,basic,no,1
30,1186100,269000,masters,travel,2,basic,no,1
48,826100,724400,high_school,education,1,good,no,1
80,884300,581600,high_school,travel,0,good,no,0
54,2621100,1132300,phd,business,3,fluent,no,1
63,617500,478700,high_school,travel,2,basic,no,0
49,2552500,580700,masters,medical,5,good,no,1
18,1353500,331900,bachelors,travel,0,fluent,no,1
23,731900,218200,bachelors,business,5,fluent,no,1
34,388800,281000,masters,travel,0,basic,no,0
33,1132800,517300,phd,education,3,fluent,no,1
70,1273400,804700,high_school,education,1,good,no,0
71,493900,160200,bachelors,travel,1,basic,no,0
71,1017800,746000,masters,medical,1,basic,yes,0
58,828500,622400,bachelors,education,0,fluent,no,1
53,1633000,751100,masters,travel,0,good,no,1
58,611200,187600,bachelors,business,5,fluent,no,1
43,335000,208600,high_school,business,0,fluent,no,1
60,1330800,455300,masters,medical,4,good,no,1
68,718000,187600,phd,travel,4,basic,no,1
66,196900,120500,high_school,travel,0,good,no,0
56,2676400,1431000,masters,travel,7,basic,no,1
21,899700,663600,high_school,business,5,good,no,1
63,1522500,562200,high_school,education,5,good,no,1
41,1223400,390200,bachelors,business,5,good,no,1
64,1414100,891400,masters,education,3,good,no,1
51,662100,447400,high_school,travel,10,basic,no,1
73,487800,224400,high_school,business,0,good,no,0
39,1289100,621000,masters,business,0,fluent,no,1
76,558000,135400,bachelors,education,4,basic,no,0
71,300100,150700,high_school,business,0,good,no,0
38,450100,392000,high_school,business,3,good,no,1
48,1979000,465600,masters,education,1,good,no,1
51,384100,221200,bachelors,travel,1,good,no,1
66,498200,81600,masters,travel,7,basic,no,1
61,748000,294700,high_school,business,0,good,no,1
71,602100,434000,bachelors,medical,0,good,no,0
41,1270400,731000,masters,business,3,good,no,1
49,1303900,274900,bachelors,business,5,fluent,no,1
45,696500,340500,high_school,travel,6,fluent,no,1
75,534300,111800,bachelors,business,0,basic,no,0
37,1532000,659000,bachelors,travel,7,basic,no,1
54,812700,590600,high_school,business,3,good,no,1
25,1096800,377000,phd,business,6,good,no,1
71,747600,366400,bachelors,travel,0,good,no,0
42,929300,488100,bachelors,medical,1,good,no,1
39,455200,359600,high_school,business,2,good,no,1
54,308400,74400,bachelors,business,3,good,no,1
49,1142900,643200,bachelors,medical,0,basic,yes,0
71,1580200,273500,phd,medical,2,fluent,no,1
51,213400,46900,bachelors,education,3,fluent,no,1
50,1288100,406400,masters,business,1,basic,no,1
24,1987800,1371200,bachelors,travel,2,good,no,1
19,406900,73600,bachelors,business,0,good,no,1
43,1038000,891400,phd,business,6,fluent,no,1
80,684500,322200,bachelors,travel,3,good,no,0
75,2424200,1888400,masters,travel,2,fluent,no,1
57,1801800,570100,masters,travel,8,basic,no,1
57,666600,268900,phd,travel,3,basic,no,1
42,652200,453400,high_school,business,0,fluent,no,1
29,1917400,832900,high_school,travel,3,basic,no,1
18,536500,284700,bachelors,education,8,basic,no,1
39,1074100,813000,phd,medical,0,good,no,1
37,1003400,640500,bachelors,travel,3,fluent,no,1
30,540900,420200,bachelors,travel,0,good,no,1
34,1995200,428700,bachelors,business,5,fluent,no,1
19,416700,252500,high_school,business,3,fluent,no,1
56,251700,151200,high_school,education,8,basic,no,1
76,404800,245000,high_school,business,3,fluent,no,0
61,773900,457800,high_school,travel,0,fluent,no,1
46,627100,434500,masters,travel,2,fluent,no,1
44,893300,699500,bachelors,business,7,good,no,1
37,736300,237200,high_school,business,0,basic,no,1
26,389100,88900,bachelors,travel,0,fluent,no,0
55,554800,114000,bachelors,medical,4,basic,no,1
53,916600,246400,bachelors,travel,2,basic,no,1
18,1113300,714700,bachelors,travel,0,fluent,no,1
44,401800,185800,high_school,business,0,fluent,no,1
35,1057300,435700,masters,travel,1,basic,no,1
28,462200,384800,high_school,business,3,basic,no,1
62,806400,665400,high_school,travel,2,basic,no,0
51,719000,398400,high_school,education,2,fluent,no,1
57,616000,304200,bachelors,travel,5,good,no,1
62,703000,248000,high_school,business,0,basic,no,1
79,602900,298400,bachelors,business,4,good,no,0
68,694900,318400,high_school,business,1,good,no,1
57,700300,108700,high_school,travel,1,basic,no,0
73,3583500,2576300,masters,medical,2,basic,no,1
48,628800,301200,bachelors,business,4,fluent,no,1
80,500000,158600,high_school,travel,8,basic,no,0
65,529900,344300,bachelors,education,0,good,yes,0
59,306200,148700,high_school,business,0,good,no,1
74,756700,291600,masters,business,1,good,no,1
50,779000,251700,high_school,travel,2,basic,no,0
63,1134900,220600,bachelors,education,0,basic,no,0
35,1271600,670500,phd,travel,7,basic,yes,0
78,459200,198200,high_school,education,5,good,no,0
57,411900,74200,high_school,medical,2,good,no,0
67,456900,346900,bachelors,education,2,basic,no,0
47,795600,601600,phd,medical,0,good,no,1
72,371100,192100,bachelors,education,2,fluent,no,0
22,1596500,1244000,bachelors,medical,3,basic,no,1
25,1484300,758100,high_school,education,7,basic,no,1
49,260900,72200,bachelors,education,2,basic,no,0
64,887000,477400,bachelors,education,0,basic,no,0
68,878900,337900,bachelors,medical,0,good,no,0
45,606100,296500,high_school,travel,0,basic,yes,0
58,546000,479400,bachelors,travel,8,fluent,no,1
52,948300,395100,high_school,travel,5,good,no,1
78,1219000,380200,masters,medical,6,good,no,1
59,1717800,423300,masters,travel,6,fluent,no,1
44,648300,527000,masters,education,0,good,no,1
79,505000,81400,phd,education,4,fluent,no,1
24,960900,798100,bachelors,medical,4,fluent,no,1
80,572700,112400,masters,business,0,good,no,1
27,965100,689600,high_school,education,2,basic,no,0
36,335500,124200,phd,education,3,good,no,1
69,584700,197300,bachelors,medical,7,basic,no,1
64,539100,153600,bachelors,medical,0,good,no,0
79,630100,158100,bachelors,travel,7,good,no,1
65,1122900,224200,masters,travel,7,good,no,1
58,1209500,322100,masters,business,7,fluent,yes,0
39,1382800,817700,masters,medical,0,basic,no,0
18,1145900,661500,bachelors,business,0,fluent,no,1
25,688400,248400,bachelors,education,4,good,no,1
36,3446700,2274500,phd,education,1,fluent,no,1
20,1622300,1179800,bachelors,travel,0,good,no,1
50,637200,564000,bachelors,business,5,basic,no,1
66,701700,336700,bachelors,business,0,fluent,no,1
78,629900,271500,bachelors,medical,1,basic,no,0
48,1187800,1045100,masters,travel,8,good,no,1
73,443300,379700,bachelors,business,1,fluent,no,1
80,630000,532500,masters,education,7,good,no,1
72,295300,179100,masters,business,1,fluent,no,1
47,607600,372600,bachelors,medical,1,fluent,no,1
38,970500,821000,high_school,travel,0,fluent,no,1
79,695800,354800,bachelors,business,1,fluent,no,1
33,717500,222500,bachelors,business,1,fluent,no,1
43,881600,783700,bachelors,travel,6,good,no,1
22,560500,438100,masters,travel,7,fluent,no,1
68,547900,105200,high_school,education,0,fluent,no,0
58,1234500,289300,bachelors,travel,0,basic,no,0
23,1151300,934400,masters,travel,3,basic,no,1
31,1850800,695600,phd,business,2,good,no,1
52,1516200,1019300,bachelors,business,0,good,yes,0
52,778000,185400,high_school,medical,0,basic,no,0
68,511000,142000,bachelors,business,0,good,yes,0
34,626100,444900,bachelors,medical,2,good,no,1
76,2188600,1935700,bachelors,travel,0,basic,no,0
46,899200,473600,bachelors,business,4,good,no,1
69,835700,152300,bachelors,business,1,fluent,no,1
33,606100,197400,masters,business,1,good,no,1
20,719400,222700,bachelors,education,2,good,no,1
21,1442400,1228100,masters,travel,0,fluent,no,1
41,762700,354200,bachelors,travel,7,fluent,no,1
78,568500,489300,bachelors,education,4,good,no,0
21,645900,513300,bachelors,travel,6,basic,no,1
41,2081600,1016000,phd,medical,2,basic,no,1
24,1092300,184200,bachelors,medical,1,fluent,no,0
76,1014800,892700,bachelors,education,0,fluent,no,0
60,964100,151900,bachelors,education,2,fluent,no,1
66,507400,401900,masters,education,3,fluent,no,1
62,878800,404200,bachelors,travel,1,basic,no,0
59,1361200,511800,bachelors,education,0,good,no,1
66,842600,384400,masters,business,0,fluent,no,1
18,925000,386400,high_school,education,0,fluent,no,0
72,1021100,680900,bachelors,medical,1,basic,no,0
64,1192700,691200,bachelors,business,3,fluent,no,1
64,1111400,380900,phd,education,8,basic,no,1
42,1583900,864200,masters,medical,0,fluent,no,1
68,241500,109600,high_school,business,0,good,yes,0
42,990600,832600,masters,travel,0,good,no,1
21,1439700,1179500,masters,medical,0,basic,no,0
75,890400,545800,bachelors,medical,4,good,no,1
32,987200,862800,high_school,business,0,fluent,no,1
24,495600,213800,high_school,travel,9,basic,no,1
57,559800,120900,bachelors,education,6,fluent,no,1
32,307100,57000,bachelors,business,2,fluent,no,1
72,837100,648800,masters,travel,7,fluent,no,1
45,1005300,439900,bachelors,business,3,good,no,1
18,1149700,914200,bachelors,business,10,fluent,no,1
77,250300,123700,high_school,travel,0,good,no,0
50,1444000,228700,bachelors,education,10,good,no,1
34,316200,172800,high_school,travel,0,good,no,0
60,707700,421700,bachelors,education,1,good,no,1
51,395200,193100,high_school,travel,8,basic,yes,0
19,951700,740900,bachelors,business,1,good,no,1
65,796700,504300,bachelors,business,0,good,no,1
43,1412200,598100,masters,business,0,good,no,1
62,1489700,1026800,high_school,travel,0,basic,no,0
74,941600,367000,bachelors,business,1,good,no,1
56,550900,429100,bachelors,business,1,fluent,no,1
60,696300,250700,high_school,business,2,fluent,no,1
34,1575100,1023700,high_school,education,5,basic,no,1
32,1085400,500700,bachelors,travel,0,fluent,no,1
44,1272600,287500,bachelors,medical,6,fluent,no,1
71,449900,280000,phd,education,3,fluent,no,1
51,668500,292300,high_school,travel,5,fluent,yes,0
39,839300,525100,masters,business,5,fluent,yes,0
67,669100,371300,masters,travel,7,good,no,1
71,960800,174100,masters,business,0,fluent,no,1
74,803100,243900,bachelors,travel,3,fluent,no,1
36,766600,517700,phd,travel,7,basic,no,1
62,839100,420200,bachelors,travel,4,fluent,no,1
55,884100,441900,masters,business,0,fluent,yes,0
46,1113300,169000,bachelors,education,3,fluent,no,1
43,1102300,415700,masters,education,5,fluent,no,1
25,1329000,866600,phd,education,0,good,no,1
35,1852100,1509900,phd,travel,3,good,no,1
52,1026500,595900,bachelors,travel,6,good,yes,0
73,969400,538500,masters,business,2,fluent,no,1
72,171500,86200,high_school,education,0,fluent,no,0
29,1290200,850100,masters,travel,2,fluent,yes,0
60,458100,342900,bachelors,business,3,fluent,no,1
23,927600,292700,masters,travel,1,fluent,no,1
60,927800,636000,bachelors,medical,4,basic,no,1
39,1124900,374500,high_school,travel,1,fluent,no,1
46,1488500,258800,high_school,travel,6,basic,no,1
63,325600,67100,high_school,travel,5,good,no,0
44,366900,67800,bachelors,travel,5,basic,no,1
68,1163500,419000,masters,travel,2,good,no,1
51,1111400,272700,masters,business,0,good,no,1
80,502200,107400,masters,travel,4,basic,no,0
58,963800,251300,masters,education,0,good,no,1
36,1050900,187700,bachelors,business,2,fluent,no,1
66,384600,156800,bachelors,education,0,basic,no,0
43,437800,335800,bachelors,business,2,fluent,no,1
51,379200,214400,high_school,education,4,basic,no,1
26,673200,133800,bachelors,travel,1,basic,no,0
25,1424700,614300,masters,education,1,basic,no,1
54,632200,298600,bachelors,travel,0,good,no,1
29,1002700,280100,masters,medical,1,good,no,1
80,1858700,798800,high_school,travel,1,good,no,0
71,574800,231400,masters,education,6,fluent,no,1
62,377300,196300,high_school,education,7,good,no,1
64,1412300,950400,masters,business,8,fluent,no,1
55,930500,473700,high_school,business,0,fluent,no,1
21,950400,195300,bachelors,travel,0,good,no,0
42,2046000,391600,bachelors,business,2,basic,no,1
49,900800,735000,bachelors,travel,3,basic,no,1
75,255200,171300,bachelors,travel,4,good,no,0
31,570000,366400,high_school,travel,5,good,yes,0
49,552600,461400,bachelors,business,2,good,no,1
39,2313400,1286500,phd,education,2,fluent,no,1
26,1286000,264000,bachelors,travel,8,fluent,no,1
24,315600,216400,bachelors,education,0,good,no,0
41,2044100,555400,masters,business,5,good,no,1
23,1268200,823900,bachelors,travel,4,basic,no,1
22,813700,366600,masters,business,0,good,no,1
40,724600,124000,bachelors,education,7,fluent,no,1
30,1626900,311800,bachelors,travel,6,good,no,1
52,182700,81200,high_school,medical,5,basic,no,0
19,690400,411400,high_school,travel,0,good,no,0
37,1380300,384000,bachelors,travel,0,basic,no,1
46,926300,213100,masters,business,4,good,no,1
78,771700,333500,high_school,travel,0,good,no,0
57,1143800,861400,phd,travel,0,good,no,1
73,491500,362700,bachelors,travel,1,good,no,0
39,484800,321500,bachelors,business,0,fluent,yes,0
46,1438800,674800,masters,business,4,basic,no,1
44,685700,330100,masters,business,2,fluent,no,1
73,327100,104500,bachelors,medical,0,basic,no,0
78,809200,204600,bachelors,travel,2,basic,no,0
78,407500,66000,high_school,business,0,fluent,no,0
65,391200,311000,bachelors,medical,0,good,no,0
49,1011800,528300,masters,business,2,good,no,1
52,1153700,175700,bachelors,travel,2,good,no,1
79,983500,537900,masters,education,1,fluent,no,1
35,300600,103300,high_school,medical,3,fluent,yes,0
39,986100,464000,bachelors,education,1,good,no,1
74,1336800,874700,bachelors,travel,3,basic,no,0
42,2555200,1935100,bachelors,medical,1,good,no,1
32,1671900,1129100,bachelors,business,4,good,no,1
53,621700,511200,phd,medical,3,basic,no,1
38,1559300,508400,masters,education,0,good,yes,0
74,1120000,723600,masters,medical,4,good,no,1
75,286700,234300,high_school,business,5,basic,no,0
37,1263300,481800,phd,business,0,fluent,no,1
51,2794200,2094500,masters,education,3,fluent,no,1
79,1877600,1605700,masters,travel,5,fluent,no,1
64,433300,274200,bachelors,travel,0,basic,no,0
31,544500,148800,high_school,medical,7,basic,no,1
55,1274700,440600,masters,travel,1,basic,no,1
57,292200,192800,bachelors,travel,4,basic,no,1
59,297700,238100,bachelors,travel,7,basic,no,1
19,823700,138200,bachelors,business,9,good,no,1
36,829600,327500,bachelors,business,3,good,no,1
71,275200,89500,bachelors,business,4,good,no,1
33,1204000,561700,masters,education,0,fluent,yes,0
36,1375500,999100,bachelors,education,0,fluent,no,1
38,670900,353600,bachelors,travel,6,basic,no,1
29,558400,300800,high_school,travel,1,fluent,no,1
27,1479800,897900,phd,education,6,good,no,1
39,963100,516900,bachelors,education,0,good,no,1
73,302200,201300,bachelors,medical,0,fluent,no,0
18,459800,105900,bachelors,travel,0,good,no,0
35,608500,101700,bachelors,education,2,good,no,1
21,605800,466500,masters,travel,0,good,no,1
53,1210800,616500,high_school,travel,1,good,no,1
33,1378800,515500,masters,medical,9,good,no,1
67,293500,144000,high_school,travel,5,good,no,0
54,960600,612400,phd,travel,5,good,no,1
67,1408700,339900,bachelors,travel,0,basic,no,0
57,378700,205500,high_school,travel,1,good,no,0
45,1208400,281600,bachelors,travel,4,basic,no,1
72,1618800,1286400,bachelors,education,0,fluent,no,1
48,2109600,1206200,phd,travel,1,good,no,1
77,1074100,814300,masters,business,7,good,no,1
80,1505300,1039800,bachelors,medical,0,good,no,0
55,567600,432200,bachelors,travel,7,basic,no,1
60,4241300,1723500,phd,medical,0,basic,no,1
34,1110400,282700,masters,business,0,good,no,1
69,1421500,1163800,bachelors,travel,0,good,no,1
60,619900,504300,bachelors,travel,8,good,no,1
74,995600,808900,bachelors,education,3,fluent,yes,0
34,1311500,1169800,masters,business,5,good,no,1
67,453900,271000,bachelors,medical,1,basic,no,0
47,574100,306800,masters,travel,6,good,no,1
29,676000,505600,bachelors,travel,3,basic,no,1
28,1389400,323200,bachelors,travel,3,basic,no,1
53,276300,203700,bachelors,business,5,fluent,no,1
38,796700,604800,masters,travel,5,fluent,yes,0
24,1554900,906300,bachelors,business,4,fluent,no,1
44,493900,217800,masters,travel,0,basic,no,1
59,1507700,968200,bachelors,travel,6,basic,no,1
38,523100,437400,masters,travel,0,good,no,1
78,587500,157700,masters,business,10,fluent,no,1
67,897000,343800,masters,business,1,basic,no,1
50,2119900,1385500,bachelors,business,0,basic,no,1
76,684000,530000,masters,business,1,basic,no,1
45,208300,133100,high_school,travel,3,fluent,no,1
26,249900,148200,high_school,business,1,fluent,no,1
20,1623900,348000,masters,medical,6,good,no,1
77,461700,219400,masters,business,4,basic,no,0
78,1038600,849200,high_school,business,0,fluent,no,1
64,1123000,473000,phd,medical,2,good,no,1
24,743200,323900,bachelors,business,5,good,no,1
36,1272700,532200,phd,travel,7,basic,no,1
20,626100,264300,masters,medical,1,good,no,0
21,1165900,528800,phd,medical,7,basic,no,1
33,504600,368400,masters,education,0,fluent,no,1
54,2269400,1114900,phd,business,4,good,yes,0
22,430000,260300,bachelors,travel,5,good,no,1
80,687900,331400,high_school,medical,1,good,no,0
46,428200,344900,bachelors,medical,0,good,no,0
34,725400,206100,masters,business,4,basic,no,1
50,439900,106500,high_school,travel,1,good,no,0
67,5569900,2538700,phd,travel,0,basic,no,1
37,536100,472200,high_school,business,0,good,yes,0
20,619100,417800,masters,education,5,fluent,no,1
21,592400,362700,bachelors,business,0,fluent,no,1
71,425200,188300,masters,travel,2,good,no,0
25,988200,367000,phd,business,9,good,no,1
58,2094000,1816400,bachelors,travel,5,good,no,1
42,1170100,550200,masters,business,2,good,yes,0
66,888100,606900,high_school,travel,2,fluent,no,1
21,589700,446900,masters,business,0,fluent,no,1
74,869700,559300,masters,medical,1,fluent,yes,0
61,846300,274600,bachelors,business,0,good,no,1
46,362600,132700,high_school,travel,0,fluent,no,0
31,942700,157700,bachelors,business,0,basic,no,1
79,758000,664800,high_school,business,3,good,no,0
37,1311100,1017400,masters,business,0,basic,no,1
48,696200,315400,bachelors,business,0,basic,no,1
42,1969200,1613400,phd,business,6,fluent,no,1
32,938000,248800,phd,travel,0,good,no,1
44,892100,161900,phd,education,4,good,no,1
27,1671600,420400,bachelors,business,1,fluent,no,1
18,411500,334400,bachelors,travel,3,good,no,0
36,381200,103100,masters,travel,0,good,no,1
25,603500,121400,masters,business,0,fluent,no,1
44,1337300,386700,phd,travel,5,good,no,1
72,1532600,707000,bachelors,business,2,fluent,no,1
28,375800,196300,high_school,business,0,good,yes,0
18,2932300,958700,phd,travel,1,fluent,no,1
24,987300,744700,masters,medical,2,basic,no,1
50,507100,441100,high_school,medical,0,basic,no,0
35,609500,224400,masters,medical,2,fluent,no,1
48,1580500,1340800,high_school,travel,2,basic,no,1
19,696500,531700,bachelors,business,3,basic,no,1
38,363600,296200,bachelors,travel,5,good,no,1
43,2923200,569400,bachelors,business,1,good,no,1
45,671000,520400,high_school,business,7,fluent,no,1
52,1173900,691900,bachelors,business,2,fluent,no,1
67,1907600,340900,bachelors,travel,2,good,no,1
47,757600,541900,high_school,travel,3,fluent,no,1
70,1293200,428400,bachelors,business,3,fluent,no,1
51,779500,582900,bachelors,education,0,fluent,no,1
34,1456200,902100,masters,travel,9,basic,no,1
32,954600,495700,masters,medical,8,good,no,1
38,534400,89500,high_school,business,0,basic,no,1
55,577100,471600,high_school,travel,2,basic,no,0
33,781900,203800,masters,business,5,fluent,no,1
75,1283600,991300,masters,travel,7,basic,no,1
48,1424300,948800,phd,business,3,fluent,no,1
72,1695600,342800,phd,business,0,fluent,no,1
61,1075500,598700,bachelors,travel,4,basic,no,1
39,2922100,2546100,masters,business,0,good,no,1
32,1349700,1136600,bachelors,business,4,fluent,no,1
64,867900,225400,masters,medical,3,fluent,no,1
38,1386600,388100,phd,business,3,good,no,1
33,2115400,561100,masters,travel,0,fluent,no,1
76,448600,321700,bachelors,travel,2,fluent,no,0
48,2290600,619800,bachelors,business,3,fluent,no,1
21,494100,98000,bachelors,travel,1,good,no,0
49,1241200,549500,bachelors,business,0,fluent,no,1
47,976200,854300,masters,education,0,fluent,yes,0
72,945800,360500,masters,business,6,good,no,1
62,263900,182900,high_school,business,2,fluent,no,1
30,1602200,413300,masters,travel,3,fluent,no,1
27,372500,229400,bachelors,medical,2,good,no,0
56,342100,200400,bachelors,education,6,fluent,no,1
20,1431600,1185600,bachelors,medical,2,good,no,1
38,2024300,1391500,bachelors,education,0,fluent,no,1
26,673900,162100,masters,education,0,fluent,yes,0
19,1688700,766000,masters,travel,0,basic,no,0
75,1507400,226700,masters,medical,6,basic,no,1
23,719400,237900,bachelors,travel,3,basic,no,0
18,2027800,1781400,masters,travel,5,fluent,no,1
76,493900,242900,high_school,travel,4,good,no,0
29,1005600,805200,bachelors,travel,6,fluent,no,1
69,379600,63700,bachelors,business,9,good,no,1
19,499700,404800,masters,travel,3,basic,no,0
27,2055700,1679600,phd,travel,0,fluent,no,1
24,1024400,655700,bachelors,education,0,good,no,1
62,899400,213300,masters,travel,3,good,yes,0
57,2160400,1743500,bachelors,education,5,basic,yes,0
47,2147900,1771800,bachelors,travel,2,basic,no,1
33,1238400,372500,masters,education,1,basic,no,1
23,436800,373500,masters,business,4,good,no,1
53,914800,741700,masters,medical,1,good,no,1
32,615300,186800,masters,travel,0,basic,no,0
55,794700,353900,bachelors,business,6,basic,no,1
61,645800,259900,phd,business,3,good,no,1
71,559700,293100,phd,business,0,good,no,1
49,218000,178100,bachelors,travel,1,fluent,no,1
18,592400,477300,high_school,education,3,good,no,0
35,213700,60200,bachelors,medical,1,basic,no,0
71,815600,459500,masters,education,0,good,yes,0
51,1583400,871700,phd,travel,3,fluent,no,1
57,653900,319000,masters,travel,4,fluent,no,1
46,416600,285800,bachelors,education,0,fluent,no,1
28,520600,330300,high_school,education,2,fluent,no,1
74,479600,170900,bachelors,business,3,fluent,no,1
66,837800,344400,bachelors,medical,1,fluent,no,0
80,306200,249900,high_school,travel,1,basic,no,0
71,510200,201200,high_school,education,1,fluent,no,0
36,446600,215700,high_school,medical,1,fluent,no,0
34,537000,472400,high_school,education,5,fluent,no,1
33,2390800,1895800,masters,business,2,good,no,1
75,844400,569300,bachelors,travel,10,fluent,no,1
53,998400,377400,bachelors,business,1,good,no,1
46,536500,333500,bachelors,education,4,good,no,1
79,1221900,771600,phd,business,2,good,no,1
56,836200,383500,masters,education,5,good,no,1
75,769000,136200,bachelors,medical,7,good,no,1
80,1389900,590600,masters,business,2,good,no,1
23,738700,392300,masters,travel,2,basic,no,1
40,781400,674000,masters,travel,8,basic,no,1
64,578900,402700,bachelors,travel,8,good,no,1
69,572800,132300,bachelors,business,10,fluent,no,1
27,832100,312900,bachelors,business,0,fluent,no,1
38,619300,335200,bachelors,travel,0,basic,no,0
52,1724300,842000,bachelors,travel,1,fluent,no,1
68,3301900,508000,bachelors,travel,4,good,no,1
25,553500,471200,bachelors,business,0,basic,no,1
55,889300,736400,bachelors,travel,1,basic,no,1
36,1338900,1128400,bachelors,travel,3,good,no,1
31,466900,220100,high_school,business,0,good,no,1
50,437800,339300,bachelors,education,4,basic,no,1
44,1967900,1340900,bachelors,travel,0,basic,no,1
58,1418600,757300,masters,travel,6,basic,no,1
38,901400,187400,bachelors,medical,1,basic,no,0
69,1199900,331000,high_school,travel,3,basic,no,0
22,825400,271300,high_school,travel,2,fluent,no,0
72,736800,605600,bachelors,business,0,fluent,no,1
19,315800,205000,high_school,business,1,good,yes,0
64,576700,511700,bachelors,business,6,fluent,no,1
39,1467600,843600,bachelors,education,2,good,no,1
42,1572700,335800,phd,education,0,basic,no,1
19,877800,446200,masters,business,4,good,yes,0
62,1427700,333900,high_school,business,0,good,no,1
28,693800,573100,bachelors,travel,2,good,no,1
59,1674300,600800,masters,travel,2,good,no,1
63,853800,254400,bachelors,travel,2,good,no,1
71,3129100,1670100,phd,education,0,good,no,1
62,1144700,864600,bachelors,medical,0,fluent,no,0
36,554300,295300,high_school,business,0,good,no,1
64,489800,87500,high_school,education,1,good,no,0
70,1071600,757900,phd,travel,3,good,no,1
37,725200,127300,phd,travel,3,good,no,1
25,458700,276700,masters,medical,0,good,no,0
74,896500,549300,bachelors,business,0,fluent,no,1
27,725300,222200,masters,education,3,good,no,1
55,402400,195100,high_school,education,2,good,no,0
32,720400,111400,bachelors,medical,6,fluent,no,1
25,1001000,363100,masters,travel,0,good,no,1
66,1085100,666800,phd,travel,0,fluent,no,1
27,1968000,714600,bachelors,education,1,good,no,1
60,1089000,202300,bachelors,education,3,good,no,1
61,1722500,1129400,high_school,travel,2,good,no,1
21,594200,420000,bachelors,education,0,good,no,0
28,831500,662900,high_school,business,0,fluent,no,1
68,787700,635400,masters,travel,4,basic,no,1
49,396900,207300,high_school,medical,0,good,no,0
25,3165500,1441900,masters,travel,3,good,no,1
80,495800,292200,bachelors,travel,0,fluent,no,0
34,221700,165100,bachelors,medical,1,good,no,0
18,512500,259600,bachelors,education,0,fluent,no,0
76,250700,224700,bachelors,medical,9,fluent,no,1
19,448300,281600,bachelors,travel,0,basic,no,0
52,471800,179800,bachelors,medical,0,fluent,no,0
80,1101900,821200,phd,business,6,fluent,no,1
54,245000,64500,bachelors,travel,0,basic,no,0
54,1460400,1244000,bachelors,travel,0,good,no,1
42,385200,156100,phd,education,0,good,no,1
25,705200,468100,bachelors,medical,4,good,no,1
54,813800,503700,masters,education,1,basic,no,1
74,1701600,377600,phd,travel,6,good,no,1
23,1180100,815700,masters,travel,4,good,yes,0
73,1453200,557800,bachelors,travel,2,good,no,1
44,797300,347500,masters,travel,0,basic,no,1
51,585900,130300,bachelors,business,5,fluent,no,1
28,949300,719200,bachelors,travel,6,good,no,1
57,1903500,1513700,phd,medical,6,good,no,1
29,1190900,298600,bachelors,education,0,good,no,1
35,1161000,881700,masters,education,4,basic,no,1
63,859800,708000,bachelors,travel,4,good,no,1
21,529700,118100,high_school,travel,8,fluent,no,1
46,947800,851200,bachelors,business,0,good,no,1
55,2978700,457000,masters,travel,5,good,no,1
26,662000,517600,bachelors,travel,4,basic,no,1
36,796000,452700,masters,business,6,fluent,no,1
39,593600,515200,bachelors,business,4,good,no,1
59,1338800,540300,phd,education,6,good,no,1
79,235500,99100,bachelors,travel,1,good,yes,0
70,903000,704600,masters,travel,0,basic,no,0
29,1227900,838700,bachelors,business,1,good,no,1
19,566400,340100,bachelors,travel,5,good,no,1
21,1197600,758400,phd,travel,0,good,no,1
55,1724000,1141300,high_school,travel,3,fluent,no,1
27,907900,168800,bachelors,travel,9,good,no,1
32,283900,67700,masters,business,7,fluent,no,1
71,447900,128100,masters,medical,4,good,no,1
73,847200,239400,masters,business,5,basic,no,1
70,625100,488900,masters,travel,0,basic,no,0
33,1144000,510100,phd,business,2,good,no,1
57,643400,332700,bachelors,travel,2,basic,no,1
56,1436600,311800,bachelors,business,5,fluent,no,1
29,533700,428500,masters,medical,0,good,no,0
52,867800,136900,masters,travel,0,good,no,1
51,609000,129400,high_school,travel,4,good,no,1
42,912600,692700,bachelors,business,2,good,no,1
65,820100,203300,bachelors,business,6,fluent,no,1
60,258200,192400,masters,travel,2,basic,no,0
51,792000,326900,bachelors,travel,6,basic,no,1
63,895300,655400,masters,travel,2,basic,no,1
66,1564500,293800,masters,medical,5,basic,no,1
53,1125900,457100,bachelors,education,4,fluent,no,1
34,863700,441300,bachelors,medical,0,basic,no,0
65,898700,556500,bachelors,business,1,good,no,1
63,1136900,883600,high_school,education,7,fluent,no,1
79,1424200,474800,bachelors,travel,0,fluent,no,0
27,880200,567000,bachelors,travel,4,good,no,1
44,3165300,835100,masters,medical,0,good,no,1
76,535500,399700,bachelors,education,5,fluent,no,1
50,281500,239300,high_school,medical,0,basic,no,0
77,752000,139500,bachelors,education,3,good,no,0
18,791900,166200,masters,business,2,basic,no,1
20,195000,144400,bachelors,education,0,good,no,0
68,528400,428100,bachelors,travel,2,fluent,no,1
40,1305500,830500,phd,medical,6,good,no,1
50,523400,259500,high_school,education,4,fluent,no,1
44,493600,358700,bachelors,business,10,fluent,no,1
43,774300,290200,bachelors,business,5,fluent,no,1
77,1040800,930300,masters,business,3,fluent,no,1
23,1441300,1132900,masters,travel,2,good,no,1
66,379700,309600,high_school,business,8,good,no,1
74,1572900,1244400,masters,education,2,good,no,1
59,533900,453600,masters,travel,1,good,no,1
42,737400,146300,masters,education,6,good,no,1
28,2751300,2287600,phd,business,8,good,no,1
61,553900,186400,masters,travel,2,basic,no,1
47,376100,157700,high_school,business,0,fluent,no,1
27,379700,162500,bachelors,medical,3,basic,no,0
40,685700,222400,phd,business,4,good,no,1
78,816300,390900,bachelors,business,1,good,no,1
34,1115800,590400,bachelors,business,4,good,no,1
29,1069700,279700,phd,education,2,fluent,no,1
60,813600,341400,masters,business,1,good,no,1
30,491000,201900,masters,travel,3,good,no,1
75,652000,427700,masters,education,1,basic,no,0
72,230900,135200,high_school,education,5,fluent,no,0
79,1458500,1002100,masters,business,0,fluent,no,1
75,1683700,1242500,phd,business,5,good,no,1
33,528500,343700,high_school,travel,1,basic,no,0
31,688900,228000,high_school,business,8,fluent,no,1
39,1574900,829300,masters,education,5,fluent,no,1
47,799800,399800,bachelors,travel,0,good,no,1
73,1163000,239000,high_school,travel,9,basic,yes,0
64,430800,353600,bachelors,business,2,basic,no,1
58,624500,136500,bachelors,travel,2,basic,yes,0
73,584900,516100,bachelors,business,7,fluent,no,1
58,1388500,241300,masters,education,7,fluent,no,1
41,442000,308200,masters,business,4,fluent,no,1
44,2156900,788700,masters,medical,9,good,no,1
50,736000,609800,high_school,education,1,basic,no,0
23,1981000,1521500,bachelors,business,0,fluent,yes,0
64,739800,124800,bachelors,business,0,good,no,1
59,718600,119600,masters,travel,1,basic,no,1
64,1551200,934400,phd,business,3,fluent,no,1
51,1333500,349600,bachelors,business,1,basic,no,1
67,729600,117200,phd,medical,3,fluent,no,1
77,180100,157700,high_school,travel,0,fluent,no,0
53,277100,173100,bachelors,business,1,fluent,no,1
45,1123000,177600,masters,travel,4,fluent,no,1
24,1764900,914000,bachelors,business,0,good,no,1
67,528400,141700,phd,medical,4,basic,no,1
74,465200,350700,high_school,business,5,fluent,no,1
62,803000,137700,masters,education,2,good,no,1
72,1553900,665400,high_school,education,7,fluent,no,1
72,1871600,614900,high_school,business,8,basic,no,1
68,955400,846200,bachelors,business,0,good,no,1
49,1771000,369400,phd,travel,4,good,yes,0
24,1220900,842300,bachelors,medical,0,good,no,0
18,374100,190200,bachelors,travel,1,fluent,no,0
30,793500,604900,high_school,education,3,fluent,no,1
45,308400,95800,high_school,education,4,good,no,1
64,491700,389200,high_school,education,6,good,no,1
46,1820500,1570700,masters,travel,4,basic,no,1
19,565000,175100,high_school,travel,5,basic,no,0
31,1387300,460700,bachelors,education,3,good,no,1
79,1545800,1349100,bachelors,business,0,fluent,no,1
80,287800,136900,bachelors,medical,0,good,no,0
41,228400,177300,bachelors,business,2,good,no,1
68,1023900,800500,high_school,business,4,fluent,no,1
63,1465600,561500,bachelors,education,0,fluent,no,1
76,1120100,318200,masters,travel,1,basic,no,0
73,670500,284900,high_school,business,0,good,no,1
57,1589600,944100,masters,business,2,fluent,no,1
42,874100,457000,high_school,travel,1,fluent,no,1
57,914200,642300,phd,education,0,fluent,no,1
38,1828200,1026700,phd,business,0,good,no,1
39,446600,336800,high_school,business,1,fluent,no,1
56,864900,197200,bachelors,travel,2,fluent,no,1
53,844500,404800,bachelors,medical,7,basic,no,1
54,606300,98200,masters,business,0,good,no,1
42,502700,121000,bachelors,medical,2,fluent,no,1
43,2585000,1030500,bachelors,medical,2,basic,no,1
18,330900,273400,high_school,business,3,fluent,no,1
55,662300,288200,high_school,education,1,fluent,no,1
54,1338000,475100,masters,education,0,basic,no,1
76,734300,479600,bachelors,travel,7,good,no,1
49,1407200,953500,masters,travel,8,good,no,1
47,1165600,595600,masters,education,1,fluent,no,1
22,468800,171800,bachelors,education,3,fluent,no,1
30,1016300,382500,bachelors,education,0,fluent,no,1
39,801000,231600,phd,medical,0,basic,no,0
41,2533600,1069000,masters,travel,0,fluent,no,1
40,1231600,340200,masters,education,4,fluent,no,1
42,735300,464900,phd,medical,0,good,no,1
66,913200,749800,bachelors,business,0,fluent,no,1
26,584900,199300,masters,business,0,basic,no,1
38,1120800,371700,masters,travel,0,fluent,no,1
28,477300,393100,high_school,medical,1,basic,no,0
37,480100,276500,bachelors,business,2,good,no,1
61,476800,332500,bachelors,education,3,fluent,no,1
20,2886900,2358200,bachelors,business,2,fluent,no,1
39,568200,368600,high_school,travel,2,fluent,no,1
19,767100,542200,masters,travel,5,good,no,1
78,697400,307000,masters,business,0,good,no,1
63,980300,836800,bachelors,medical,0,good,no,0
33,380300,257800,high_school,business,6,basic,no,1
30,414300,84400,bachelors,medical,4,fluent,no,1
24,530800,316600,high_school,business,2,fluent,no,1
47,740100,163600,bachelors,medical,0,good,no,0
65,601500,325800,bachelors,travel,0,basic,no,0
54,595700,128900,masters,business,0,good,no,1
73,610100,378500,bachelors,business,6,fluent,no,1
39,584300,287600,bachelors,business,3,fluent,no,1
35,696100,393200,masters,travel,0,basic,no,1
48,880800,560800,bachelors,education,0,basic,no,1
30,3309200,1117700,masters,travel,0,good,no,1
79,1124100,438000,high_school,travel,0,basic,no,0
29,2201200,1126000,bachelors,travel,2,fluent,no,1
48,395400,227200,high_school,travel,1,good,no,0
50,1900400,1601500,bachelors,education,7,basic,no,1
21,1224600,506900,phd,travel,4,fluent,no,1
47,1673300,993600,masters,education,7,good,no,1
46,973100,819300,bachelors,medical,6,basic,no,1
34,626400,431200,bachelors,travel,7,good,no,1
26,1605400,636100,phd,business,9,basic,no,1
20,987700,455400,bachelors,business,1,good,no,1
18,286100,231500,bachelors,travel,0,fluent,no,0
48,1009400,482800,phd,travel,0,fluent,yes,0
23,1222400,414400,bachelors,medical,3,basic,no,0
78,881200,477900,bachelors,travel,4,good,no,0
33,699600,202500,high_school,travel,0,basic,no,0
59,357400,209600,high_school,education,6,good,no,1
60,1119800,1000700,masters,business,5,good,yes,0
49,717500,629200,bachelors,education,3,good,no,1
73,966300,589800,phd,business,1,good,no,1
24,371900,303000,high_school,travel,0,fluent,no,0
32,1251200,952600,bachelors,medical,2,fluent,no,1
33,1176200,1015100,masters,education,0,good,no,1
26,865400,696500,bachelors,medical,3,good,yes,0
36,2337100,1927800,bachelors,travel,1,basic,no,1
37,981700,316300,bachelors,education,0,fluent,no,1
66,1882400,505500,masters,travel,1,basic,no,1
37,1130200,206800,masters,travel,3,basic,no,1
73,623000,401500,bachelors,business,1,fluent,no,1
66,422500,359200,bachelors,business,8,good,no,1
74,863900,773500,bachelors,travel,0,good,no,0
24,174800,138000,bachelors,business,7,fluent,no,1
80,627700,485400,high_school,education,0,basic,no,0
56,1285400,693000,phd,education,0,basic,no,1
79,479400,234400,high_school,medical,10,good,no,1
40,513600,323700,high_school,business,4,fluent,no,1
78,380200,63500,bachelors,medical,3,basic,no,0
55,1157900,863500,high_school,business,4,good,no,1
22,448900,288700,high_school,travel,1,good,no,0
43,316600,87900,high_school,education,5,fluent,no,1
26,729100,457000,high_school,business,0,fluent,no,1
77,804000,482100,bachelors,business,5,good,no,1
37,798700,591800,masters,business,8,fluent,no,1
32,586100,456000,bachelors,travel,6,good,no,1
52,754200,256500,bachelors,education,4,good,no,1
44,1585900,1206600,bachelors,business,3,basic,no,1
24,979400,280700,bachelors,business,2,basic,no,1
69,742300,330800,bachelors,travel,1,fluent,no,1
71,1209000,628100,bachelors,business,6,good,no,1
64,768100,578900,bachelors,education,3,good,no,1
56,943500,779200,bachelors,medical,1,good,no,1
43,587200,95700,high_school,education,5,good,no,1
52,1345400,945700,masters,medical,0,fluent,no,1
50,846500,684100,phd,travel,5,good,no,1
28,519800,450000,masters,education,5,basic,no,1
23,889800,312200,high_school,business,0,fluent,no,1
33,2225500,622500,masters,business,0,fluent,no,1
46,415000,217500,bachelors,education,4,good,no,1
28,596400,492500,high_school,business,0,fluent,no,1
24,844300,326500,phd,medical,10,good,no,1
71,1581100,836100,masters,education,0,good,no,1
41,618900,554900,high_school,medical,0,fluent,no,0
54,6737900,3315200,phd,travel,0,good,no,1
51,457800,284400,high_school,travel,5,good,no,1
64,1762000,1580000,bachelors,education,3,basic,no,1
64,1327800,564900,high_school,business,6,good,no,1
36,724700,257000,high_school,travel,8,good,no,1
71,1103000,399300,phd,education,3,good,no,1
41,797000,488400,bachelors,medical,0,good,no,0
70,760800,207000,bachelors,education,0,fluent,no,0
43,1814100,496000,masters,business,6,good,no,1
24,601900,207700,masters,travel,0,good,no,0
65,989200,549700,phd,travel,7,fluent,no,1
19,925400,724700,phd,business,6,fluent,no,1
66,418200,228700,phd,travel,3,fluent,no,1
20,1213300,894200,bachelors,business,3,fluent,no,1
31,1357400,1178500,bachelors,business,8,basic,no,1
56,762500,537600,phd,travel,5,good,no,1
77,952200,601900,high_school,business,4,fluent,yes,0
43,226200,35300,high_school,travel,1,good,no,0
25,766500,372800,bachelors,business,2,good,no,1
32,705800,247800,bachelors,education,1,fluent,no,1
74,793900,424200,bachelors,business,8,good,no,1
63,1130900,976300,phd,medical,3,basic,no,1
24,725100,283000,bachelors,business,5,good,no,1
42,611200,165400,bachelors,travel,0,good,no,1
34,712600,548300,bachelors,travel,6,good,no,1
29,2058600,1838200,masters,business,1,good,no,1
71,393100,288900,high_school,travel,4,fluent,no,0
56,1868100,474100,high_school,education,0,good,no,1
29,533500,300400,bachelors,medical,7,good,no,1
58,863300,391800,bachelors,travel,3,fluent,no,1
44,1035700,647400,bachelors,business,2,fluent,no,1
21,644400,419800,bachelors,education,1,good,no,0
46,1155800,873000,high_school,travel,1,basic,no,1
29,1312800,433300,masters,business,1,fluent,no,1
33,675900,590400,bachelors,education,0,fluent,no,1
73,1608300,500200,bachelors,travel,2,good,yes,0
62,556400,135200,masters,education,2,good,no,1
26,712700,550000,masters,travel,1,good,no,1
71,736300,366300,high_school,travel,4,good,no,0
54,1511500,782500,masters,business,1,fluent,no,1
73,645300,251100,high_school,education,0,fluent,no,0
65,503900,93100,high_school,business,6,fluent,no,1
39,847000,250000,masters,education,1,fluent,no,1
51,1006800,726100,high_school,education,3,fluent,no,1
51,863400,274800,bachelors,education,7,fluent,no,1
63,602000,538500,masters,business,5,fluent,no,1
33,583200,431400,masters,business,2,good,no,1
38,2484400,1953800,phd,travel,2,good,no,1
33,655100,527300,masters,travel,6,good,no,1
36,878900,605700,bachelors,medical,6,good,no,1
28,1590400,794600,bachelors,travel,0,basic,no,1
20,1019300,853900,bachelors,medical,3,good,no,1
77,641200,301300,masters,business,6,fluent,no,1
22,432700,96000,bachelors,travel,5,basic,no,0
73,1511200,902700,high_school,business,0,good,no,1
18,304800,69900,high_school,education,1,good,no,0
66,717500,460300,masters,business,2,fluent,no,1
38,663200,595600,high_school,business,0,fluent,no,1
50,670700,440300,bachelors,education,4,good,no,1
35,1333600,410600,masters,travel,2,good,no,1
48,433900,109900,masters,business,0,fluent,no,1
46,673800,281200,bachelors,business,1,fluent,yes,0
51,784400,203400,high_school,travel,6,fluent,yes,0
42,1571800,907400,phd,travel,6,basic,no,1
51,552200,407200,bachelors,business,5,basic,no,1
70,431300,277600,bachelors,travel,7,good,no,1
45,1215500,745000,phd,business,8,good,no,1
40,262500,125100,high_school,travel,2,good,no,0
26,1533100,428600,bachelors,travel,0,fluent,no,1
40,589200,370200,high_school,business,5,basic,no,1
25,368300,171100,high_school,business,3,good,no,1
29,423600,160600,bachelors,business,1,fluent,no,1
77,686700,442600,masters,business,9,fluent,no,1
23,320400,139000,bachelors,travel,1,good,no,0
48,1276900,352700,masters,medical,7,basic,no,1
70,625400,320600,masters,education,3,good,no,1
78,1211800,444600,masters,travel,0,good,no,0
27,726300,508500,high_school,travel,6,fluent,no,1
28,1654600,306600,masters,travel,5,good,no,1
41,620600,490000,high_school,education,3,good,no,1
52,1806100,895800,masters,business,3,fluent,no,1
78,1621500,262600,bachelors,business,0,fluent,no,1
31,1121100,280300,masters,travel,0,basic,no,1
28,643800,553100,high_school,business,0,fluent,yes,0
33,556700,307700,bachelors,travel,0,fluent,no,1
73,313900,228000,high_school,medical,1,good,no,0
19,1093800,888300,high_school,medical,2,basic,no,0
41,1055600,411900,bachelors,business,0,fluent,no,1
25,1103800,618300,bachelors,travel,2,basic,no,1
27,702800,448200,masters,travel,0,good,no,1
75,2376000,1856100,masters,travel,0,good,no,1
18,667100,310200,bachelors,travel,8,basic,no,1
38,625800,540600,masters,business,10,good,no,1
75,709500,429500,masters,education,5,fluent,no,1
56,2564600,2065500,phd,medical,0,basic,no,1
22,293300,62300,high_school,education,4,fluent,no,0
47,500500,249000,bachelors,education,0,fluent,no,1
79,4789600,1362100,masters,travel,2,good,no,1
43,906700,756100,high_school,travel,7,basic,no,1
51,505500,164900,bachelors,business,1,good,yes,0
51,417300,285700,bachelors,travel,7,basic,no,1
59,301500,59400,bachelors,business,4,fluent,no,1
29,798000,239900,bachelors,education,1,fluent,no,1
70,1451600,566000,masters,travel,0,fluent,yes,0
80,1744200,1284400,bachelors,travel,5,basic,yes,0
26,343200,116100,masters,travel,2,basic,no,0
69,364900,278300,bachelors,medical,0,basic,no,0
69,910800,675300,masters,business,0,fluent,no,1
64,4506400,4029400,masters,business,8,good,no,1
41,879600,578600,high_school,business,0,good,no,1
47,663300,416600,high_school,education,8,good,no,1
70,385700,231900,bachelors,medical,4,good,no,0
27,336800,78200,phd,business,1,good,no,1
70,772800,413400,bachelors,medical,1,good,no,0
76,511600,403500,high_school,business,5,basic,no,0
60,466400,77300,high_school,travel,1,basic,no,0
39,438300,107400,high_school,business,0,basic,no,1
53,501300,301000,bachelors,travel,0,good,yes,0
21,568100,446100,masters,education,6,fluent,no,1
76,1624500,618100,bachelors,travel,4,good,yes,0
39,597300,480000,masters,business,2,fluent,no,1
21,464200,187100,high_school,education,0,good,yes,0
68,740400,369500,bachelors,medical,2,good,no,0
59,1434400,1240400,masters,travel,5,fluent,no,1
57,608800,282000,masters,travel,0,good,no,1
21,1665600,998700,masters,education,10,fluent,no,1
65,550000,468400,bachelors,business,6,fluent,no,1
58,692100,241000,bachelors,medical,1,good,yes,0
67,2401200,525700,masters,business,6,good,no,1
70,317100,275400,high_school,education,4,good,no,0
31,1446000,824000,masters,business,3,fluent,no,1
31,1314600,1149500,bachelors,business,0,fluent,no,1
76,640800,512700,high_school,travel,7,fluent,no,1
51,911800,543400,masters,travel,2,good,no,1
45,3131200,1576600,masters,medical,5,fluent,no,1
36,965300,492500,masters,medical,0,fluent,no,1
58,1088200,298700,masters,business,1,fluent,yes,0
65,628700,308200,bachelors,business,8,basic,no,1
18,822100,630000,bachelors,travel,2,basic,no,0
52,1836600,1637500,phd,travel,0,basic,no,1
80,464400,404100,high_school,travel,6,basic,no,0
35,237200,206800,bachelors,medical,0,fluent,no,0
35,1433500,235500,phd,education,6,good,no,1
73,298600,160300,high_school,business,7,fluent,no,1
21,1625300,487700,phd,travel,0,good,no,1
43,756000,462300,bachelors,travel,3,good,no,1
46,1633900,1404100,masters,travel,9,basic,no,1
68,449000,362600,bachelors,business,8,fluent,no,1
26,724600,579600,masters,travel,2,good,no,1
45,806700,342300,masters,travel,4,good,no,1
27,239100,125700,high_school,business,3,good,no,0
67,1394100,503900,bachelors,education,0,fluent,no,1
57,442000,249900,phd,travel,3,basic,no,1
49,1976200,746100,phd,travel,1,good,no,1
42,1364900,1032600,phd,travel,1,good,no,1
27,678100,337900,bachelors,medical,1,basic,no,0
76,914600,617600,bachelors,business,6,fluent,no,1
58,901000,724900,bachelors,business,0,good,no,1
38,607000,227500,bachelors,travel,0,fluent,no,1
44,891300,549500,bachelors,travel,0,fluent,no,1
63,807900,633700,high_school,business,0,good,no,1
63,321400,277400,high_school,education,9,good,no,1
47,915200,249200,bachelors,business,1,basic,no,1
37,178400,117900,bachelors,business,0,fluent,no,1
59,261800,124700,bachelors,travel,8,good,no,1
59,737100,268400,high_school,education,0,basic,no,0
55,773000,207400,masters,medical,2,good,no,1
22,675900,398100,phd,education,5,basic,no,1
47,734800,294300,bachelors,travel,5,good,no,1
56,869200,565800,phd,education,0,good,no,1
77,564700,203700,masters,education,4,basic,no,0
51,219400,33000,high_school,business,3,fluent,no,1
39,183000,132800,high_school,travel,4,basic,no,0
53,811300,219900,high_school,education,0,good,no,0
29,428300,145400,high_school,travel,5,good,no,1
23,1289400,421000,bachelors,education,2,fluent,no,1
60,596300,242500,bachelors,travel,4,good,no,1
80,1313700,675300,phd,travel,8,fluent,no,1
71,706100,536200,bachelors,business,6,good,no,1
54,775200,494300,bachelors,education,5,fluent,no,1
20,1137500,295200,phd,medical,0,basic,no,0
80,845800,243400,phd,business,0,fluent,no,1
46,494600,388400,masters,travel,3,basic,no,1
36,1482400,500100,masters,business,0,fluent,yes,0
74,2596300,815300,phd,business,4,fluent,no,1
65,1884300,287700,bachelors,medical,4,good,no,1
65,717500,524200,masters,travel,2,good,no,1
35,361000,254100,high_school,travel,0,good,no,0
80,557700,229100,bachelors,business,6,good,no,1
46,686800,106800,bachelors,medical,3,good,no,1
51,525000,388100,high_school,business,2,fluent,no,1
65,312100,70100,high_school,education,2,good,no,0
59,239500,118600,high_school,business,0,basic,no,0
28,777600,606600,bachelors,business,4,fluent,no,1
37,80000,26700,high_school,education,0,basic,no,0
40,715800,311200,bachelors,business,3,fluent,no,1
77,578500,373500,masters,education,0,basic,no,0
63,1161900,760900,bachelors,business,0,basic,no,1
41,1730600,860200,masters,education,0,basic,no,1
64,974000,463000,high_school,education,0,good,no,0
64,803900,373500,masters,education,7,good,no,1
42,289400,148900,high_school,business,5,fluent,yes,0
43,483300,198100,bachelors,education,0,fluent,no,1
74,886200,303400,bachelors,medical,0,good,no,0
53,437100,169200,phd,business,5,basic,no,1
27,2325900,1182300,phd,business,0,basic,no,1
63,810900,354000,masters,education,2,good,no,1
55,1280700,754500,masters,business,0,fluent,no,1
50,284000,177000,bachelors,education,3,good,no,1
63,584500,524400,masters,education,10,good,no,1
75,189400,115800,high_school,business,0,fluent,no,0
38,1326600,929900,bachelors,travel,8,basic,no,1
44,989600,221200,phd,travel,6,good,no,1
29,1479700,1065900,phd,travel,9,basic,no,1
58,783400,416500,bachelors,medical,5,good,no,1
43,699200,559300,high_school,business,6,good,no,1
39,448800,394100,high_school,travel,3,good,no,1
61,676400,218300,bachelors,education,6,basic,no,1
43,513800,434900,high_school,business,0,fluent,no,1
47,945600,618200,bachelors,education,4,basic,no,1
45,685300,482700,high_school,business,3,fluent,no,1
34,2536500,1279100,high_school,travel,0,basic,no,1
25,1907600,793700,bachelors,business,0,basic,no,1
70,365700,274300,masters,education,0,fluent,no,1
23,699300,116400,bachelors,education,1,basic,no,0
38,605100,336100,bachelors,education,0,good,no,1
60,1966700,403900,masters,medical,0,fluent,no,1
26,817600,278800,masters,education,0,fluent,no,1
59,976600,677700,bachelors,education,3,fluent,no,1
64,269000,192600,masters,travel,0,basic,no,0
59,329100,268800,bachelors,medical,0,good,no,0
37,2391000,1641600,bachelors,travel,1,fluent,no,1
19,777700,510200,bachelors,medical,1,basic,no,0
73,624100,536000,phd,business,0,fluent,no,1
38,1235200,683100,phd,travel,10,basic,no,1
68,545000,349000,masters,education,1,fluent,no,1
30,924800,740800,phd,business,0,fluent,no,1
28,243100,175700,high_school,business,2,good,no,1
67,630300,458500,masters,medical,6,good,yes,0
77,429800,237500,high_school,travel,2,basic,no,0
72,1401200,764900,bachelors,business,0,good,no,1
65,976500,621600,bachelors,travel,2,good,no,1
33,1381900,933300,masters,travel,2,good,yes,0
75,959000,536600,masters,travel,1,good,no,1
60,1529400,442100,masters,medical,9,basic,no,1
28,467900,157400,bachelors,medical,10,good,no,1
26,722300,375500,phd,education,2,good,yes,0
72,1217100,368800,masters,education,0,basic,no,0
35,834200,390100,masters,travel,2,fluent,no,1
66,536300,139600,high_school,medical,8,good,no,1
26,691200,179500,bachelors,business,7,fluent,no,1
35,1938000,1516300,masters,business,0,fluent,no,1
35,2216000,1233600,phd,medical,0,basic,no,1
35,382900,281600,high_school,medical,0,fluent,no,0
60,287400,45600,bachelors,travel,5,good,no,1
75,511500,186300,bachelors,education,2,good,no,0
75,461900,75400,bachelors,travel,1,basic,no,0
64,1536900,234400,masters,travel,1,basic,no,1
30,896500,156000,high_school,business,0,good,no,1
78,429100,232200,bachelors,business,7,basic,no,0
52,642300,140100,masters,travel,1,basic,no,1
52,335400,251100,bachelors,travel,0,good,no,0
62,581800,312500,high_school,travel,4,good,no,1
66,738100,246500,bachelors,business,3,good,yes,0
78,1167600,909600,bachelors,medical,4,good,no,1
54,1420600,756100,phd,travel,6,fluent,no,1
56,1360500,562000,masters,medical,0,good,yes,0
64,462800,266600,phd,business,0,fluent,no,1
34,382900,250600,high_school,travel,0,good,no,0
37,1639100,932800,masters,education,4,good,no,1
57,562600,478000,bachelors,travel,8,good,yes,0
22,397400,165100,masters,business,1,fluent,no,1
38,1179800,539700,bachelors,business,5,fluent,no,1
63,393400,312400,high_school,business,4,fluent,no,1
79,969400,608900,high_school,travel,9,fluent,no,1
50,962900,842200,masters,travel,2,basic,no,1
43,835100,621400,masters,business,0,good,no,1
45,1143700,611500,high_school,travel,5,good,no,1
61,369500,231300,bachelors,business,5,basic,no,1
52,2140600,973000,masters,travel,4,good,no,1
19,532200,130800,bachelors,education,6,fluent,no,1
51,827200,376700,bachelors,business,1,fluent,no,1
43,1069100,386100,masters,business,4,good,no,1
62,598100,393900,bachelors,business,0,fluent,no,1
73,639600,417000,masters,business,1,basic,no,1
78,793600,677000,masters,travel,0,fluent,no,0
56,556700,116700,masters,business,0,basic,no,1
40,1589700,795900,high_school,business,0,fluent,no,1
45,829500,372400,phd,medical,4,good,no,1
29,1431000,780700,bachelors,medical,6,good,yes,0
76,1711200,410100,masters,business,1,fluent,no,1
71,1187500,615800,masters,travel,1,basic,no,0
71,902700,580200,masters,travel,0,good,yes,0
38,841600,324300,bachelors,education,1,fluent,no,1
38,740200,472100,high_school,education,0,fluent,no,1
71,799500,279200,bachelors,business,3,good,no,1
52,319600,136500,bachelors,business,7,fluent,no,1
62,198800,165100,high_school,travel,2,fluent,no,0
48,1239200,209200,high_school,medical,4,fluent,no,1
45,253700,90000,phd,medical,4,good,no,1
57,842500,717600,bachelors,business,0,basic,no,1
69,664800,173000,bachelors,travel,1,fluent,no,1
39,826500,370300,bachelors,business,0,good,no,1
68,404100,198200,bachelors,education,1,good,no,0
33,917400,586700,bachelors,medical,7,good,no,1
43,1089400,663300,masters,travel,2,basic,no,1
75,3453900,2141700,bachelors,business,2,fluent,no,1
78,580400,496400,high_school,travel,0,basic,no,0
76,1588000,706000,bachelors,travel,1,good,no,0
37,237000,122600,high_school,education,8,fluent,no,1
71,1704600,1488100,masters,travel,1,fluent,no,1
76,612000,150600,high_school,medical,4,fluent,no,0
79,626800,539800,high_school,business,0,fluent,no,1
19,884200,761500,bachelors,business,0,good,no,1
64,1381200,1194900,high_school,travel,1,fluent,no,1
80,870500,174300,bachelors,business,7,fluent,no,1
66,491500,286600,bachelors,business,0,fluent,no,1
32,770200,599700,phd,education,4,good,no,1
66,847000,326300,high_school,business,0,basic,no,1
24,967600,573700,bachelors,business,3,fluent,no,1
48,419200,143500,masters,business,3,fluent,no,1
57,717200,177300,high_school,business,3,good,no,1
46,417100,329200,bachelors,medical,0,good,yes,0
62,1237800,1096600,masters,medical,0,good,no,1
33,624500,126300,masters,business,7,basic,no,1
56,925700,223100,phd,education,2,fluent,no,1
58,720800,426300,masters,education,0,good,yes,0
57,1744300,374600,bachelors,medical,1,basic,no,0
36,1348000,840300,phd,travel,0,basic,no,1
37,1081200,745600,high_school,business,2,fluent,no,1
34,3718500,1714100,bachelors,travel,1,fluent,no,1
47,998000,715700,masters,medical,0,basic,no,0
54,2221900,522600,masters,education,1,basic,no,1
40,735600,276500,phd,travel,3,good,no,1
43,1077500,814300,high_school,business,7,good,no,1
36,623800,134900,masters,education,4,fluent,no,1
31,534900,194600,high_school,medical,2,basic,no,0
59,1306800,804800,masters,travel,5,good,no,1
69,1424900,478100,masters,education,0,good,no,1
36,268400,137100,high_school,travel,3,good,no,0
72,603800,469700,masters,travel,0,good,no,0
53,1058900,373000,bachelors,travel,0,basic,no,1
28,618000,294700,bachelors,education,3,good,no,1
41,501100,82000,phd,medical,0,basic,yes,0
18,935400,637300,masters,travel,4,basic,no,1
20,708600,295000,bachelors,travel,3,fluent,no,1
39,595600,473500,high_school,travel,0,basic,no,0
46,722900,156500,high_school,business,1,good,no,1
68,698100,514300,high_school,business,3,basic,no,0
26,495800,377000,bachelors,business,4,fluent,no,1
70,603500,441800,bachelors,travel,5,fluent,no,1
32,1260200,883100,bachelors,business,1,fluent,no,1
26,721500,236900,masters,travel,6,good,no,1
62,434800,201100,high_school,education,1,fluent,no,0
66,330800,145400,bachelors,business,0,good,no,1
56,1063800,351900,phd,travel,3,fluent,no,1
25,653400,339000,high_school,medical,0,good,no,0
25,328200,220900,masters,travel,0,basic,no,0
42,299900,152700,high_school,business,0,good,no,1
46,346100,304900,bachelors,travel,6,basic,no,1
80,1500600,1022800,masters,travel,7,basic,no,1
36,188800,91000,high_school,travel,8,fluent,no,1
30,724500,328200,bachelors,business,1,basic,no,1
77,1443500,848400,masters,travel,2,good,no,1
27,599200,283900,high_school,travel,5,fluent,no,1
19,763600,241600,masters,business,1,good,yes,0
44,915300,495000,bachelors,travel,1,good,no,1
43,955800,625600,high_school,business,0,fluent,no,1
57,916800,384000,masters,travel,3,fluent,no,1
73,220800,80000,bachelors,education,3,good,no,0
76,1015900,318000,high_school,business,1,good,no,0
36,1346900,568500,phd,travel,0,good,no,1
79,742900,247600,bachelors,travel,4,fluent,no,1
57,327300,236400,masters,travel,3,basic,yes,0
22,458600,288500,high_school,medical,0,basic,yes,0
77,333900,121900,high_school,travel,1,fluent,no,0
26,498200,445300,masters,business,8,good,no,1
55,902300,572300,masters,medical,3,basic,no,1
67,563400,144700,bachelors,education,3,good,no,1
33,751100,579900,masters,education,3,basic,no,1
35,1136300,812800,bachelors,business,8,good,no,1
47,870700,457100,bachelors,business,1,fluent,no,1
73,740600,240800,masters,travel,0,good,yes,0
32,537200,407300,bachelors,business,1,fluent,no,1
59,589100,143400,bachelors,business,5,good,no,1
46,848900,393500,masters,education,0,good,no,1
25,1043100,795900,bachelors,business,0,fluent,no,1
62,609100,457500,phd,business,0,fluent,no,1
70,2169300,1350200,masters,business,3,fluent,no,1
54,1043500,162600,bachelors,travel,3,good,no,1
29,167800,67100,bachelors,travel,1,fluent,no,0
27,1132700,894700,phd,medical,0,fluent,no,1
44,1724100,1191400,masters,business,5,basic,no,1
49,669200,507200,high_school,business,0,fluent,no,1
52,603000,118900,bachelors,travel,4,fluent,no,1
33,731500,625900,bachelors,travel,0,basic,no,0
49,1072900,345200,masters,travel,7,basic,no,1
36,1650200,658800,phd,medical,1,good,no,1
61,446600,348500,masters,travel,3,good,no,1
68,542400,246600,bachelors,travel,0,good,no,0
59,2395300,1514600,masters,medical,0,good,no,1
18,550200,310500,high_school,business,4,basic,no,0
80,1753000,1401600,bachelors,medical,2,basic,yes,0
19,3908000,1043800,bachelors,travel,5,fluent,no,1
80,577100,128900,bachelors,travel,2,basic,yes,0
20,391600,244500,bachelors,medical,2,good,no,0
50,466900,365800,high_school,travel,6,basic,no,1
24,989000,833100,high_school,travel,1,good,no,0
23,1922600,865100,masters,business,7,fluent,no,1
61,1885300,1321900,high_school,education,1,good,no,1
63,741400,328500,bachelors,travel,1,good,no,1
25,706700,275000,high_school,business,5,fluent,no,1
79,511400,86000,bachelors,education,0,basic,no,0
38,190500,64300,bachelors,travel,0,good,no,0
38,951700,264200,masters,travel,0,good,no,1
36,401100,141000,bachelors,business,2,fluent,no,1
47,1077700,395000,bachelors,travel,3,good,no,1
29,345600,274500,masters,business,0,fluent,no,1
44,359800,108900,high_school,business,0,basic,no,1
31,1126900,861500,masters,travel,1,basic,no,1
21,663200,526900,high_school,business,0,fluent,no,1
41,1052900,524200,phd,business,0,fluent,no,1
60,1509100,1046400,high_school,education,0,fluent,no,1
66,1793500,697600,bachelors,travel,6,basic,yes,0
40,519200,84800,bachelors,medical,4,good,no,1
38,1833300,1250700,bachelors,medical,0,good,no,1
67,2563800,1550600,masters,travel,0,basic,yes,0
60,504800,250400,high_school,medical,0,good,no,0
70,775600,639100,bachelors,medical,1,good,no,0
75,945900,657800,masters,travel,1,basic,yes,0
69,682200,320100,masters,education,7,good,no,1
76,560400,106500,bachelors,business,4,good,no,0
44,1563000,1261400,bachelors,education,2,fluent,no,1
42,1237200,1099200,masters,travel,0,basic,no,1
38,717100,448800,masters,business,3,basic,no,1
32,584500,424400,masters,business,8,basic,no,1
65,641000,339400,masters,medical,0,basic,no,0
63,691300,226400,bachelors,travel,6,basic,no,1
68,1250100,1042600,bachelors,business,0,fluent,no,1
28,471400,314100,bachelors,business,4,basic,no,1
48,887300,498200,high_school,travel,0,basic,no,0
31,1083900,717100,masters,education,3,basic,no,1
74,818300,436900,bachelors,education,0,good,no,0
34,950000,184100,high_school,travel,2,basic,no,0
27,1546700,998100,masters,business,3,fluent,no,1
53,349400,53800,bachelors,business,3,fluent,no,1
73,297700,93900,high_school,travel,4,good,no,0
75,666800,178000,bachelors,education,0,good,no,0
24,1183000,479200,masters,education,4,fluent,no,1
38,1602400,1332000,bachelors,travel,0,good,no,1
27,560100,117500,high_school,travel,4,basic,no,0
37,1930900,807200,bachelors,travel,0,good,no,1
51,366300,263600,high_school,travel,2,fluent,no,1
35,804100,641100,phd,travel,1,basic,no,1
22,639400,448900,bachelors,education,8,good,no,1
50,620500,542300,masters,travel,3,good,no,1
21,1022400,687000,high_school,medical,0,basic,no,0
32,117800,83500,high_school,travel,4,fluent,no,1
18,573500,267600,bachelors,business,0,good,yes,0
23,1829000,688700,masters,business,0,basic,no,1
45,910200,451800,phd,travel,1,basic,no,1
71,1364900,990800,bachelors,travel,5,good,no,1
66,2533700,1615700,bachelors,travel,8,fluent,no,1
24,564800,411700,high_school,education,7,fluent,no,1
20,1438900,893100,bachelors,business,0,fluent,no,1
39,2861900,2002800,bachelors,education,0,good,no,1
59,1348200,359600,phd,education,6,good,no,1
65,736800,289400,bachelors,travel,0,good,no,0
69,1597800,912200,masters,travel,3,basic,no,1
39,1865600,303000,masters,business,9,fluent,no,1
28,529000,441300,high_school,travel,0,good,no,0
19,579800,191100,bachelors,education,1,good,no,0
27,2501400,541200,masters,medical,6,good,no,1
22,651900,422600,bachelors,travel,3,fluent,no,1
72,1458700,430800,bachelors,business,8,good,no,1
34,1124000,642300,masters,education,3,fluent,no,1
69,1476000,497000,high_school,education,1,fluent,no,1
52,609800,167400,masters,travel,5,fluent,no,1
51,473700,332200,bachelors,education,5,basic,no,1
46,1210400,534100,bachelors,business,8,good,no,1
69,406300,236000,bachelors,business,2,good,no,1
20,806600,251700,bachelors,business,2,fluent,no,1
23,1266300,714600,high_school,business,1,fluent,no,1
44,202500,94300,high_school,medical,0,good,no,0
42,943800,177800,bachelors,travel,10,basic,no,1
52,1473200,1023900,bachelors,business,9,good,no,1
64,745800,420800,bachelors,travel,2,good,no,1
55,324500,274400,high_school,travel,8,basic,no,1
34,467700,353600,high_school,travel,1,good,no,0
38,340700,197000,high_school,business,6,fluent,no,1
65,785800,143200,bachelors,education,3,good,no,1
30,464100,331300,high_school,business,4,good,no,1
49,407500,228900,high_school,education,4,basic,no,1
51,977600,758900,bachelors,business,3,good,no,1
65,2318200,1352200,masters,education,6,fluent,no,1
63,1164800,176500,masters,education,1,good,no,1
47,1584000,1205700,bachelors,business,6,good,yes,0
37,2317800,1737100,masters,business,0,basic,no,1
41,547900,123000,bachelors,medical,0,basic,no,0
43,880000,583300,bachelors,travel,4,good,no,1
31,427700,232900,high_school,travel,5,good,no,1
57,239100,141700,high_school,business,7,fluent,no,1
31,920000,751700,bachelors,business,0,fluent,no,1
58,302900,102100,high_school,travel,0,basic,no,0
65,1269500,203000,masters,medical,2,good,no,1
78,321500,98500,bachelors,business,6,basic,no,0
25,593700,496500,high_school,education,9,fluent,no,1
65,227800,70300,high_school,education,6,basic,no,0
23,782800,513400,high_school,business,2,good,no,1
39,609300,452300,bachelors,business,6,basic,no,1
29,412800,313700,high_school,business,0,fluent,no,1
28,1405700,221900,bachelors,travel,7,basic,no,1
29,633900,99600,bachelors,travel,2,fluent,no,1
20,804100,717100,bachelors,travel,1,basic,no,0
69,968900,528600,phd,business,3,fluent,no,1
21,1285700,254300,masters,education,5,fluent,no,1
43,1342600,228400,bachelors,travel,0,basic,no,1
62,1197900,908100,bachelors,travel,0,basic,no,1
80,752500,623600,masters,travel,4,good,no,1
71,2101400,1141800,phd,business,8,fluent,no,1
26,457000,196000,bachelors,education,3,fluent,no,1
80,359200,243100,high_school,travel,0,basic,no,0
59,906600,151200,masters,travel,3,good,no,1
29,961000,792000,high_school,business,0,good,no,1
46,511000,174800,masters,travel,1,basic,no,1
75,882300,258700,high_school,travel,0,good,no,0
42,524300,200900,high_school,travel,2,basic,no,0
29,766200,151600,masters,medical,1,basic,no,0
73,1779000,786600,masters,education,0,fluent,no,1
78,486500,333800,bachelors,business,1,fluent,no,1
79,3419200,1790500,masters,education,3,fluent,no,1
78,882600,574600,masters,travel,0,basic,no,0
72,821500,254900,bachelors,medical,0,fluent,no,0
46,2525000,1132300,phd,business,2,fluent,no,1
30,833400,449700,bachelors,business,5,fluent,no,1
56,1039100,602100,high_school,travel,6,basic,no,1
31,332200,96300,masters,business,2,fluent,no,1
47,593100,448200,bachelors,education,4,good,no,1
59,1209800,263300,masters,travel,6,fluent,no,1
77,979500,219100,high_school,business,4,fluent,no,1
36,825200,278300,high_school,travel,2,fluent,no,1
33,783700,502100,high_school,medical,0,good,no,0
64,1356000,281800,bachelors,education,0,fluent,no,1
18,1263100,196800,masters,travel,1,basic,no,0
53,232800,117400,bachelors,business,1,good,no,1
64,1194500,489700,high_school,business,8,fluent,no,1
52,477200,127700,bachelors,medical,0,good,no,0
42,898900,577000,bachelors,education,2,good,no,1
70,835700,527400,bachelors,travel,10,good,no,1
41,998300,241000,masters,medical,3,good,no,1
62,294100,94800,high_school,business,0,fluent,no,1
47,260500,110400,bachelors,education,8,good,no,1
19,435900,389100,bachelors,business,1,fluent,no,1
51,1191700,865700,bachelors,business,0,basic,no,1
21,341400,137500,bachelors,travel,1,good,no,0
76,466200,407500,bachelors,travel,0,fluent,no,0
55,952100,467700,bachelors,medical,5,basic,yes,0
41,307100,133700,high_school,travel,0,basic,no,0
48,400800,344000,high_school,education,5,good,no,1
57,1017400,714300,masters,education,0,good,no,1
34,631200,354000,high_school,education,7,good,no,1
36,546800,328400,masters,medical,0,basic,no,0
44,817500,719100,bachelors,travel,8,fluent,no,1
34,942100,249400,bachelors,travel,0,basic,no,0
65,482900,198200,masters,business,6,fluent,no,1
24,851400,396600,bachelors,business,6,fluent,no,1
70,364400,323800,high_school,medical,3,basic,no,0
39,578500,123300,high_school,travel,0,basic,no,0
53,1447700,338400,masters,travel,3,fluent,no,1
27,686600,327200,bachelors,business,3,fluent,no,1
42,1607500,445200,masters,travel,2,basic,no,1
65,1168700,775600,bachelors,education,3,fluent,no,1
35,1246400,524100,bachelors,business,8,fluent,no,1
26,944300,741000,bachelors,education,10,basic,no,1
50,990000,704300,high_school,travel,2,good,no,1
28,1202100,604800,masters,education,0,good,no,1
37,216000,169300,high_school,business,0,good,no,1
46,699100,157700,phd,travel,4,fluent,no,1
53,481100,281800,high_school,business,9,good,no,1
58,721100,435400,bachelors,travel,1,basic,no,1
60,657900,220100,high_school,education,0,good,no,0
71,624000,116800,masters,travel,1,fluent,no,1
22,1631100,899400,high_school,business,1,fluent,no,1
40,715100,382800,bachelors,medical,10,fluent,no,1
18,1076200,689000,phd,business,4,good,no,1
18,523100,162000,bachelors,travel,0,fluent,no,0
31,311200,88600,high_school,medical,1,good,no,0
55,907400,801600,masters,travel,0,basic,no,1
74,768100,180700,bachelors,education,3,basic,no,0
66,515100,463400,high_school,travel,4,fluent,no,1
58,1880000,1297200,bachelors,education,0,good,no,1
67,907400,564400,masters,education,1,good,no,1
28,721600,292100,bachelors,education,7,good,no,1
70,1523000,1219700,masters,business,6,basic,no,1
74,885300,737100,masters,education,3,fluent,no,1
23,1017800,703700,bachelors,business,2,fluent,no,1
47,374400,255500,bachelors,medical,10,good,no,1
70,483400,251300,masters,business,4,fluent,no,1
47,809000,168600,bachelors,business,8,good,no,1
70,475700,427800,high_school,medical,0,good,no,0
76,484800,78400,bachelors,business,0,basic,no,0
47,1040100,542500,masters,travel,0,good,no,1
21,848700,361000,bachelors,education,6,good,no,1
39,365700,267700,high_school,business,4,good,no,1
31,406200,285100,high_school,business,0,good,no,1
47,608700,378000,high_school,travel,9,basic,no,1
54,616300,127000,phd,business,8,fluent,no,1
47,542700,177800,bachelors,business,0,basic,no,1
30,1304700,287800,masters,business,3,basic,no,1
36,960000,848900,masters,travel,3,good,no,1
60,581900,143100,bachelors,travel,0,good,no,0
19,591900,518100,masters,business,4,good,no,1
31,619000,145200,phd,travel,0,good,no,1
74,904700,720700,masters,travel,7,good,no,1
24,2963800,1721900,masters,business,6,basic,no,1
44,1032700,799100,bachelors,travel,7,fluent,no,1
31,467300,292300,masters,medical,5,basic,no,1
24,797300,579300,high_school,travel,0,good,no,0
44,640800,447300,masters,travel,1,basic,no,1
50,754500,260400,bachelors,travel,4,good,no,1
29,547200,465800,bachelors,business,1,fluent,no,1
22,2958800,1872100,masters,education,4,basic,no,1
26,405400,122300,bachelors,medical,1,basic,no,0
59,642100,243700,high_school,medical,0,basic,no,0
72,667200,366800,masters,business,2,basic,no,1
29,1622500,1316400,phd,travel,4,fluent,no,1
38,889000,664600,bachelors,business,2,fluent,no,1
39,1939200,730200,masters,travel,3,good,no,1
40,1443700,962000,masters,travel,1,fluent,no,1
33,664200,100500,masters,travel,5,fluent,no,1
21,3761700,1502700,bachelors,business,3,fluent,no,1
51,1026800,800600,bachelors,medical,3,basic,no,1
40,718500,189300,masters,business,1,good,no,1
39,1210100,502200,phd,business,2,good,no,1
34,764500,115300,high_school,medical,0,basic,no,0
76,748700,125300,high_school,education,3,good,no,0
56,993800,257900,bachelors,travel,0,basic,no,0
44,1655100,374700,masters,travel,6,good,no,1
30,1568000,811100,masters,business,5,good,no,1
68,474600,391500,bachelors,business,2,good,no,1
73,1722700,367800,high_school,travel,6,basic,no,1
20,2234100,1792600,bachelors,travel,4,good,no,1
76,1511100,983900,masters,travel,0,good,no,1
62,772800,213800,bachelors,business,4,fluent,no,1
24,557200,204700,high_school,education,10,fluent,no,1
65,633100,187200,bachelors,education,0,good,no,0
24,874000,648500,masters,business,0,basic,no,1
21,227200,157600,bachelors,business,3,good,no,1
25,1253700,474300,high_school,travel,1,basic,no,0
46,1445700,275800,bachelors,education,3,good,no,1
57,429800,118900,phd,education,3,fluent,no,1
43,1234200,768200,bachelors,education,5,basic,no,1
25,753300,164100,bachelors,travel,0,basic,no,0
30,484300,267500,high_school,business,1,fluent,no,1
71,992100,604900,bachelors,travel,6,good,no,1
78,373000,248300,masters,business,1,basic,no,0
65,966700,235900,masters,education,2,basic,no,1
24,790300,391000,bachelors,business,0,fluent,no,1
69,1016700,505900,masters,business,0,basic,no,1
61,356600,276900,bachelors,travel,2,good,yes,0
51,1243700,623800,masters,travel,1,fluent,no,1
27,967900,440500,high_school,travel,4,basic,no,1
80,946500,229600,bachelors,travel,3,good,no,0
45,857500,575300,masters,medical,7,basic,no,1
20,4742700,2916000,phd,education,6,good,no,1
31,584900,402200,masters,medical,0,basic,no,0
43,1488400,955900,masters,travel,0,fluent,no,1
21,1111900,896700,masters,travel,6,basic,no,1
38,2941900,2377100,masters,travel,1,basic,no,1
47,935800,356300,bachelors,travel,1,fluent,no,1
77,1053000,302000,bachelors,travel,0,basic,no,0
23,1284600,1085300,masters,travel,4,fluent,no,1
54,422700,289500,bachelors,business,0,fluent,no,1
75,603100,529700,masters,business,0,fluent,no,1
68,650100,339800,bachelors,medical,2,good,no,0
76,914900,797500,high_school,business,5,fluent,no,1
28,614300,148700,high_school,travel,0,basic,no,0
68,868100,514600,masters,travel,4,fluent,no,1
79,1149400,600600,high_school,business,2,fluent,no,1
38,326900,49700,masters,medical,1,fluent,no,1
49,265000,78100,high_school,business,1,fluent,no,1
51,191600,50800,bachelors,medical,0,good,no,0
49,1890500,369800,masters,education,1,good,no,1
36,717300,617700,bachelors,business,6,basic,no,1
79,1654900,1446400,masters,business,0,good,no,1
78,508800,416600,high_school,travel,8,good,no,1
41,1328100,1184200,bachelors,travel,0,good,no,1
68,705600,545400,bachelors,business,1,good,no,1
43,1218600,1034800,masters,medical,3,good,no,1
68,624600,186300,high_school,business,6,fluent,no,1
54,910900,312100,bachelors,education,0,good,no,1
47,2456900,1957000,masters,business,0,fluent,no,1
26,442300,225400,phd,medical,3,good,no,1
59,936800,644300,masters,business,0,basic,no,1
38,1084600,619800,masters,travel,3,basic,no,1
31,776900,294600,bachelors,travel,6,good,no,1
30,607800,221000,bachelors,business,0,good,no,1
79,724800,515400,masters,education,6,fluent,no,1
24,2256400,1238900,masters,business,0,good,no,1
68,935600,392500,masters,travel,7,basic,no,1
72,3717900,2278300,masters,travel,9,good,no,1
19,1300600,604700,masters,travel,3,good,no,1
55,460800,233300,high_school,business,9,fluent,no,1
54,1025200,675000,bachelors,business,6,fluent,no,1
40,1147500,566300,phd,business,0,good,no,1
60,1582600,1364900,bachelors,travel,0,fluent,no,1
43,284300,146100,high_school,business,0,basic,no,1
45,280900,244800,bachelors,medical,2,good,no,1
45,922700,725000,bachelors,travel,3,fluent,no,1
68,1540200,1260200,masters,travel,2,good,no,1
57,1138300,822400,masters,travel,4,fluent,yes,0
41,782200,472000,high_school,business,1,good,no,1
76,1010000,555000,bachelors,travel,0,basic,no,0
68,239400,135000,high_school,business,0,fluent,no,1
76,1135400,341900,masters,travel,10,fluent,no,1
64,1114800,346500,high_school,travel,1,basic,yes,0
42,831500,146000,bachelors,travel,1,fluent,no,1
66,368100,261000,bachelors,medical,0,basic,no,0
38,629600,153400,bachelors,business,9,fluent,no,1
35,1027600,602800,bachelors,travel,0,good,no,1
46,2611400,661800,masters,business,3,good,no,1
79,257900,51600,bachelors,travel,0,good,yes,0
53,659100,362600,high_school,education,0,fluent,no,1
42,453100,364700,bachelors,business,4,fluent,no,1
47,1000200,417100,bachelors,travel,3,basic,no,1
36,1045300,877400,bachelors,travel,4,basic,no,1
59,855600,135000,masters,business,0,fluent,no,1
40,1070700,534600,bachelors,medical,9,good,no,1
52,1820700,473500,masters,travel,2,fluent,no,1
41,493600,190900,high_school,education,8,fluent,no,1
38,466200,78200,masters,travel,0,fluent,no,1
79,1183600,208900,high_school,medical,1,basic,no,0
39,1193300,816900,bachelors,business,1,good,yes,0
22,1031500,661100,bachelors,travel,5,good,no,1
41,517300,158400,bachelors,education,4,basic,no,1
51,929100,767300,high_school,travel,2,basic,no,1
23,2991000,1992000,masters,travel,0,good,no,1
37,707700,284600,bachelors,medical,0,fluent,no,0
28,1138400,518800,phd,travel,0,good,no,1
49,541400,200000,masters,education,6,basic,no,1
63,509300,393700,bachelors,travel,0,fluent,no,1
79,538600,280300,masters,education,0,basic,no,0
42,580700,146000,high_school,medical,1,basic,no,0
72,627200,189000,bachelors,travel,0,fluent,no,0
31,928700,345900,bachelors,business,9,fluent,no,1
67,595600,269400,masters,business,1,fluent,no,1
53,492800,293000,high_school,travel,8,fluent,no,1
65,447800,391000,bachelors,education,4,fluent,no,1
65,1078400,373600,masters,travel,2,basic,no,1
51,308300,122200,bachelors,business,2,good,no,1
34,587300,98600,high_school,business,4,fluent,no,1
51,649000,278700,bachelors,travel,4,fluent,no,1
70,1074400,705100,masters,education,0,good,no,1
79,217800,190000,high_school,business,7,good,no,0
76,1084400,764700,bachelors,travel,1,basic,no,0
29,917000,218700,phd,education,1,good,no,1
55,1217800,995600,phd,medical,1,fluent,no,1
24,193200,150500,high_school,business,4,basic,no,0
60,381900,111400,bachelors,medical,1,good,no,0
80,436000,370900,high_school,travel,1,fluent,no,0
21,2302900,1578800,phd,education,0,good,no,1
59,1011000,745200,bachelors,business,1,good,no,1
77,812500,401700,bachelors,travel,0,basic,no,0
71,455000,136700,bachelors,travel,6,basic,no,1
42,411700,308500,bachelors,travel,1,basic,no,0
24,629200,319700,high_school,travel,8,basic,no,1
76,1430000,1252100,masters,travel,4,basic,no,1
76,848700,224900,bachelors,travel,5,basic,no,0
54,1937200,806900,bachelors,business,8,good,yes,0
79,668300,468900,masters,travel,0,basic,no,0
18,596400,345400,high_school,business,2,fluent,no,1
56,212900,101100,high_school,medical,0,basic,yes,0
20,849600,574500,bachelors,medical,0,basic,no,0
76,2182400,1527700,masters,business,1,fluent,no,1
60,304700,177600,high_school,business,4,basic,no,0
75,1545700,601800,masters,business,6,good,no,1
53,1671200,1026200,bachelors,travel,0,fluent,no,1
23,517700,289400,bachelors,medical,4,good,yes,0
19,978000,731800,bachelors,travel,0,basic,no,0
39,1288300,824600,high_school,business,0,fluent,yes,0
64,613400,320500,high_school,business,0,fluent,no,1
27,1499300,245900,masters,business,3,good,no,1
71,285200,78500,bachelors,education,2,basic,no,0
33,1050600,422800,bachelors,travel,0,basic,yes,0
49,1436400,863300,phd,travel,0,fluent,no,1
30,260600,194000,high_school,travel,2,basic,no,0
47,445100,387200,bachelors,medical,5,basic,no,1
46,1054600,632600,bachelors,travel,0,good,no,1
18,457500,318700,high_school,education,4,fluent,yes,0
53,1992100,1227300,phd,medical,3,basic,no,1
67,1282100,606100,phd,travel,2,basic,no,1
76,780400,473900,bachelors,medical,0,good,no,0
38,984000,443300,phd,business,7,fluent,no,1
73,634700,311100,high_school,education,2,good,no,0
73,1680800,1400500,phd,business,1,fluent,no,1
80,1304600,747400,masters,travel,6,basic,no,1
41,428200,96500,high_school,business,6,good,no,1
71,1495800,812000,bachelors,business,4,good,yes,0
53,1396600,1208000,masters,business,6,good,no,1
21,935000,210400,bachelors,travel,0,good,yes,0
35,795600,698800,bachelors,travel,5,fluent,no,1
60,996000,887200,bachelors,travel,1,basic,no,1
28,197300,112600,high_school,travel,6,good,no,1
45,617100,246400,high_school,medical,1,basic,no,0
66,1331900,208400,high_school,medical,0,good,no,0
27,1097800,177400,masters,business,1,good,no,1
49,792100,349400,bachelors,travel,5,good,no,1
31,545100,401900,bachelors,travel,2,basic,no,1
51,708600,607100,high_school,education,5,fluent,no,1
33,485400,129200,high_school,travel,0,fluent,no,0
78,1998500,1030900,masters,education,0,fluent,no,1
22,336000,176800,high_school,business,2,fluent,no,1
78,758400,330100,masters,travel,1,basic,no,0
67,543600,301700,bachelors,education,4,good,no,1
71,2667900,2251100,masters,travel,8,basic,no,1
71,681500,326400,bachelors,education,3,fluent,no,1
29,719500,182300,masters,business,1,good,no,1
76,171100,111100,high_school,business,2,good,no,0
55,589200,102200,masters,business,7,fluent,no,1
78,1011400,864800,bachelors,business,4,basic,no,1
73,720800,616200,high_school,business,5,fluent,no,1
54,528800,115900,bachelors,travel,1,basic,no,0
41,389400,219300,high_school,travel,4,good,no,1
25,2104100,1574000,bachelors,education,0,fluent,yes,0
24,4285700,2136100,masters,travel,4,good,no,1
42,1830600,931900,masters,business,7,good,no,1
69,1783500,1565300,bachelors,education,7,basic,no,1
49,2863100,924400,phd,business,0,basic,no,1
48,2557400,1393100,bachelors,medical,6,basic,no,1
33,457700,108100,high_school,business,0,fluent,no,1
53,600000,226100,masters,travel,2,basic,no,1
58,1481300,1167500,high_school,medical,4,basic,no,1
79,317900,218500,high_school,travel,2,basic,no,0
63,306900,186900,high_school,travel,1,fluent,no,0
56,435100,102400,bachelors,education,4,basic,yes,0
75,703800,554600,bachelors,business,3,good,no,1
44,254000,94900,bachelors,education,3,good,no,1
76,344000,189600,bachelors,medical,2,basic,no,0
41,690700,224600,masters,medical,4,fluent,no,1
26,559800,302600,phd,travel,1,basic,no,1
44,969300,554100,high_school,travel,0,good,no,1
26,542300,219800,high_school,education,2,good,no,0
25,1039100,550100,bachelors,travel,4,fluent,no,1
73,698800,317600,high_school,business,0,fluent,no,1
68,675200,454500,bachelors,business,0,fluent,no,1
31,1302700,726800,bachelors,business,7,good,no,1
70,1247300,1008500,masters,travel,6,good,no,1
22,453600,84900,high_school,business,3,fluent,no,1
35,385200,65500,masters,business,5,fluent,no,1
62,1007400,293600,bachelors,business,8,fluent,no,1
37,486100,116100,masters,medical,2,basic,no,0
64,932500,507700,bachelors,business,0,good,no,1
73,1015800,304800,masters,business,3,good,no,1
22,460300,74600,masters,travel,7,basic,no,1
19,622900,225500,high_school,business,4,good,no,1
77,840500,447100,bachelors,medical,0,basic,no,0
50,1082700,742400,masters,medical,7,good,no,1
49,820200,392700,bachelors,travel,5,good,no,1
47,528400,460800,bachelors,travel,1,good,no,1
45,1047400,313800,bachelors,travel,9,good,no,1
61,666400,356900,masters,business,4,basic,no,1
54,299200,101700,high_school,business,6,basic,no,1
28,1096400,827800,bachelors,business,8,fluent,no,1
57,904400,263000,high_school,business,0,fluent,no,1
60,1055900,919900,bachelors,travel,5,good,no,1
25,867900,596600,masters,business,1,fluent,no,1
41,260300,147800,bachelors,business,6,fluent,no,1
67,1709000,938700,bachelors,travel,6,good,no,1
56,258100,108900,bachelors,travel,6,good,yes,0
26,1044200,173100,bachelors,business,5,fluent,no,1
20,3104700,2596600,masters,business,5,basic,no,1
54,586700,437800,high_school,business,0,basic,no,1
47,1141600,286700,masters,business,1,good,no,1
78,1198300,289500,masters,education,0,good,no,0
50,1084700,413400,masters,medical,6,good,no,1
76,2756100,1990900,bachelors,travel,3,basic,no,1
31,475800,250900,bachelors,travel,3,basic,no,1
46,317200,203200,high_school,education,0,fluent,no,0
26,902600,139600,phd,travel,3,basic,no,1
54,2533800,2135400,masters,business,2,fluent,no,1
29,550800,151100,bachelors,business,10,good,no,1
49,1232400,479600,masters,travel,6,good,no,1
39,1363400,1173000,bachelors,travel,2,good,no,1
29,1161100,812400,bachelors,business,5,good,no,1
24,1702700,908000,masters,business,0,basic,no,1
50,1178700,939600,high_school,travel,0,basic,no,0
77,1280400,250900,phd,business,3,good,no,1
30,756500,156800,masters,travel,4,basic,no,1
43,1171900,312200,phd,education,0,fluent,no,1
32,807200,281300,masters,travel,0,basic,no,1
68,3027700,2064200,bachelors,business,2,good,no,1
44,564400,310000,bachelors,business,0,basic,no,1
79,704800,330900,high_school,education,1,fluent,no,0
33,426000,313900,masters,travel,2,fluent,no,1
23,581300,225500,high_school,business,7,fluent,no,1
54,830600,177800,masters,business,1,fluent,no,1
59,783600,350700,high_school,education,0,good,no,0
80,794900,576200,high_school,education,0,fluent,no,0
72,1178000,595600,high_school,medical,0,basic,no,0
73,2029800,1792000,masters,travel,5,fluent,no,1
57,521000,412700,high_school,travel,1,good,no,0
40,321400,238900,high_school,travel,0,good,no,0
45,342900,250300,high_school,business,8,fluent,no,1
26,893600,523500,bachelors,education,5,fluent,no,1
45,1178700,973400,phd,travel,0,fluent,no,1
40,871800,516500,bachelors,business,0,basic,no,1
20,563600,242000,bachelors,medical,6,basic,no,1
30,1191200,353700,high_school,travel,4,basic,no,1
51,240400,182700,high_school,business,8,good,no,1
41,546700,234200,bachelors,travel,0,good,no,1
80,298800,222100,high_school,medical,5,basic,no,0
48,481700,427400,high_school,medical,0,good,no,0
78,1072600,481600,high_school,travel,1,basic,no,0
59,645800,261900,bachelors,medical,5,good,no,1
20,1028500,285500,masters,medical,4,fluent,no,1
30,778700,394400,high_school,education,0,good,no,0
62,808800,518000,masters,medical,0,basic,no,0
52,933700,359100,bachelors,travel,5,basic,no,1
37,1116500,574200,masters,education,0,basic,no,1
50,290100,160400,high_school,travel,1,good,no,0
74,753400,268500,masters,education,0,good,no,0
42,1182100,198200,masters,business,0,basic,no,1
20,2187700,681900,phd,education,6,fluent,no,1
37,1967900,1480600,masters,medical,0,good,no,1
76,1710900,613400,high_school,travel,2,fluent,no,0
65,1411500,226400,phd,medical,4,good,no,1
70,774900,363200,masters,travel,0,fluent,no,1
75,521700,345300,high_school,business,3,good,no,0
25,507600,362600,high_school,business,1,good,no,1
35,863600,397600,phd,education,6,fluent,no,1
21,667100,386200,high_school,travel,5,fluent,no,1
18,1231800,873500,masters,travel,5,good,no,1
70,396700,324100,bachelors,travel,1,basic,no,0
77,1769600,1114700,masters,travel,6,basic,no,1
27,196800,131500,high_school,travel,3,fluent,no,0
63,860600,192800,masters,medical,1,fluent,no,1
51,1423500,662400,bachelors,education,0,good,no,1
22,1509400,1232800,phd,education,0,basic,no,1
75,444000,120100,high_school,travel,0,good,yes,0
72,1595700,610300,high_school,medical,0,good,no,0
53,424200,279300,high_school,business,7,good,no,1
62,179700,148500,high_school,business,10,fluent,no,1
43,1386300,269300,phd,business,0,fluent,no,1
67,203200,163100,high_school,travel,8,basic,yes,0
46,342000,107800,high_school,travel,4,good,no,1
80,1370000,1090000,masters,education,2,good,no,1
21,419400,342600,high_school,travel,8,good,no,1
28,743700,544100,high_school,business,4,fluent,no,1
79,514400,433600,masters,travel,3,good,no,0
36,1213000,1056400,bachelors,medical,0,good,no,0
37,383800,323900,masters,business,0,basic,no,1
67,1562400,835600,bachelors,business,7,fluent,no,1
29,582500,289900,bachelors,business,0,basic,no,1
50,1756100,402000,bachelors,travel,0,basic,no,1
36,612600,191200,masters,business,0,good,no,1
30,2180600,1394000,bachelors,travel,2,good,yes,0
78,574400,141000,masters,travel,1,fluent,no,0
30,282000,241600,bachelors,travel,8,good,no,1
23,774700,248100,bachelors,travel,1,fluent,no,1
60,1917400,414100,masters,business,7,good,no,1
72,834800,272500,high_school,medical,3,good,no,0
26,1434200,267700,bachelors,travel,2,fluent,no,1
62,843900,231700,high_school,travel,0,good,no,0
52,619500,366000,masters,business,0,fluent,no,1
70,1153100,423000,bachelors,travel,6,good,no,1
25,796100,597800,bachelors,medical,5,basic,no,1
79,365700,165900,high_school,business,1,fluent,no,0
57,1192800,817600,phd,business,7,good,no,1
71,733400,499600,bachelors,business,5,basic,no,1
40,1648300,415100,bachelors,travel,0,basic,no,1
77,407100,78300,high_school,medical,3,basic,no,0
57,555500,434100,bachelors,travel,5,good,no,1
25,515200,348100,bachelors,travel,5,fluent,no,1
76,2760900,776500,masters,education,0,good,no,1
68,683000,450800,masters,education,0,fluent,no,1
36,1102700,437900,high_school,business,1,fluent,yes,0
52,429000,82600,bachelors,business,0,basic,no,1
42,714000,229600,high_school,travel,0,basic,no,0
52,624300,447500,high_school,education,3,fluent,yes,0
78,1490800,660500,bachelors,education,2,good,no,0
74,983200,549300,high_school,education,0,fluent,yes,0
31,1017500,256800,masters,education,3,good,no,1
79,563000,123600,bachelors,business,0,fluent,no,1
45,1320800,435100,high_school,travel,1,fluent,no,1
62,761300,384000,phd,business,5,fluent,no,1
66,217300,170600,bachelors,medical,7,basic,no,1
48,194400,140500,high_school,travel,0,fluent,no,0
46,311200,84000,bachelors,business,6,good,yes,0
46,1499700,305300,phd,business,7,fluent,no,1
72,2557200,816100,bachelors,education,3,good,no,1
42,246300,194400,bachelors,education,9,good,no,1
35,491900,264100,bachelors,education,0,good,no,1
40,794500,600000,bachelors,business,0,fluent,no,1
30,1264300,540100,high_school,medical,6,basic,no,1
42,490500,290800,bachelors,education,2,good,no,1
25,1346100,802300,masters,education,1,good,no,1
23,847700,525600,masters,education,0,fluent,no,1
63,2266900,1139400,high_school,medical,0,good,no,0
22,819100,269800,bachelors,medical,0,good,no,0
53,657100,309700,high_school,travel,0,good,no,0
67,792400,698200,bachelors,travel,9,good,no,1
63,774300,274200,masters,travel,0,good,no,1
46,1275600,884800,bachelors,education,5,fluent,no,1
30,514200,441500,masters,travel,0,fluent,no,1
76,251500,144500,bachelors,business,1,fluent,no,1
70,895500,463000,masters,business,7,good,no,1
56,1523200,366500,masters,medical,0,good,no,1
23,706700,505300,masters,medical,0,basic,no,0
20,1077700,898400,masters,medical,6,basic,no,1
37,497000,440100,masters,travel,0,fluent,yes,0
27,1357200,408800,bachelors,education,0,good,no,1
72,1082800,909600,bachelors,education,8,good,no,1
30,764800,327100,bachelors,travel,1,fluent,no,1
35,1067200,655600,masters,business,3,good,no,1
79,251100,79800,high_school,medical,0,basic,no,0
69,514700,173100,phd,business,0,basic,no,1
31,707400,434500,bachelors,travel,2,basic,no,1
42,1290200,662700,masters,education,4,fluent,no,1
50,1031900,901200,bachelors,education,0,fluent,no,1
59,885200,308400,phd,business,7,fluent,no,1
76,814200,658300,high_school,education,5,good,no,1
72,1652700,818700,bachelors,business,2,fluent,no,1
79,926400,232400,masters,education,2,basic,no,0
20,897000,295400,bachelors,business,3,fluent,no,1
32,674800,483700,bachelors,education,4,good,no,1
53,907400,698700,masters,education,0,basic,no,1
21,1067700,191800,masters,business,6,fluent,no,1
40,1378900,630900,high_school,business,2,fluent,no,1
27,1251500,651600,bachelors,education,8,good,no,1
76,850700,520000,high_school,business,8,fluent,no,1
21,421000,268600,high_school,business,0,fluent,no,1
27,461600,356800,bachelors,travel,1,basic,no,0
30,669500,237700,high_school,medical,2,basic,no,0
27,1499300,350800,bachelors,travel,2,good,no,1
53,1952000,565800,bachelors,travel,6,fluent,no,1
40,252400,215200,masters,medical,0,good,no,0
75,2905100,1626900,bachelors,travel,3,good,yes,0
34,679700,213600,high_school,travel,8,good,no,1
51,1781700,1317400,phd,travel,10,good,no,1
59,373600,220500,masters,travel,0,basic,no,0
57,664100,282600,bachelors,travel,9,good,yes,0
68,1699300,278200,phd,education,0,fluent,no,1
30,396500,292300,bachelors,business,2,fluent,no,1
49,154500,106300,bachelors,education,0,fluent,no,1
68,909800,315300,bachelors,business,3,good,no,1
72,525800,183600,high_school,travel,0,good,no,0
56,2149000,759900,masters,business,0,fluent,no,1
59,692800,452300,bachelors,travel,1,basic,no,0
72,927400,343700,masters,education,7,good,no,1
57,793100,303600,high_school,travel,3,fluent,no,1
77,954000,412600,high_school,business,4,fluent,no,1
26,512300,453500,bachelors,business,4,fluent,no,1
39,908400,449700,high_school,education,1,good,no,1
25,811100,351200,phd,business,0,fluent,no,1
23,981500,493200,masters,education,0,basic,no,0
47,1406600,969700,masters,travel,2,basic,no,1
32,1548200,1258300,masters,business,8,fluent,no,1
43,643800,575000,high_school,education,0,good,no,1
45,298300,153500,high_school,travel,4,fluent,no,1
57,270400,133900,bachelors,business,6,good,no,1
77,877100,348900,masters,medical,7,basic,no,1
71,1290700,947800,bachelors,business,0,basic,no,1
41,692000,444000,high_school,travel,8,good,no,1
38,1111100,469500,masters,travel,3,basic,no,1
66,538300,290100,high_school,travel,2,basic,no,0
25,896700,272900,bachelors,education,5,good,no,1
52,312800,209700,high_school,business,0,good,no,1
44,1161900,394000,bachelors,medical,5,good,no,1
29,1204900,496600,bachelors,travel,3,good,no,1
56,800000,160900,masters,medical,5,basic,no,1
38,1236900,389500,masters,education,6,fluent,no,1
29,210200,62300,high_school,medical,3,good,no,0
59,1073900,753300,masters,travel,0,good,no,1
28,904000,606400,masters,travel,0,basic,no,1
60,1944200,1076300,masters,travel,6,good,no,1
28,968900,426600,phd,education,3,good,yes,0
45,1568400,1281500,masters,travel,7,good,no,1
68,435800,354300,high_school,education,1,good,no,0
32,215200,129600,bachelors,business,2,fluent,no,1
66,668300,430000,bachelors,education,6,good,no,1
63,843000,630000,bachelors,business,5,fluent,no,1
74,1174200,812600,phd,medical,1,fluent,yes,0
28,828800,264100,bachelors,business,0,good,no,1
63,572600,302100,bachelors,business,7,good,yes,0
77,904500,238700,phd,education,5,good,no,1
66,523500,396300,masters,education,1,fluent,no,1
29,252300,161500,bachelors,education,2,good,no,1
69,1019300,901400,phd,medical,0,good,no,0
24,502100,126700,bachelors,business,1,basic,no,1
55,1370100,729700,bachelors,education,0,fluent,no,1
49,227800,157900,bachelors,travel,0,basic,no,0
51,1268300,1015300,phd,travel,6,basic,no,1
50,2429700,1919600,bachelors,travel,1,basic,no,1
19,684100,206300,bachelors,business,5,good,no,1
50,971200,861200,masters,travel,2,fluent,no,1
77,1229700,1089500,masters,education,0,fluent,no,1
45,713200,625300,high_school,business,1,good,no,1
35,431600,263400,high_school,medical,0,basic,no,0
80,620700,480400,phd,travel,4,fluent,no,1
24,1392700,288300,masters,business,7,fluent,no,1
48,264900,90500,bachelors,travel,5,basic,no,1
50,1195600,261800,bachelors,business,5,good,no,1
48,609900,322700,bachelors,business,6,fluent,no,1
76,974300,851100,masters,education,5,fluent,no,1
44,566600,360900,bachelors,business,2,fluent,no,1
79,2136700,1059700,masters,business,4,basic,no,1
22,619700,461400,high_school,education,1,fluent,no,0
64,814900,458600,masters,business,0,good,no,1
55,445800,219900,high_school,education,4,fluent,no,1
33,896500,557600,masters,education,4,good,no,1
32,2019400,1078100,high_school,business,0,good,no,1
63,261900,165300,high_school,travel,8,good,no,1
58,980300,737200,high_school,business,0,good,no,1
56,738600,366900,high_school,travel,4,basic,no,1
21,1764500,813900,bachelors,business,8,fluent,no,1
55,1374700,782200,masters,medical,1,good,no,1
79,974500,807400,masters,business,7,fluent,no,1
19,1325700,619400,bachelors,education,6,good,no,1
47,858400,674500,bachelors,business,4,basic,no,1
49,1145900,702300,bachelors,business,8,good,no,1
74,2133600,339900,masters,travel,3,good,no,1
35,568600,288400,high_school,travel,2,basic,no,0
47,599000,184400,bachelors,medical,4,fluent,no,1
63,379200,99600,high_school,business,1,fluent,no,1
21,692300,225600,high_school,business,1,basic,no,0
68,466700,319400,bachelors,travel,0,fluent,no,0
69,445800,276600,high_school,travel,1,good,no,0
63,317400,175400,high_school,medical,5,basic,no,0
58,1286400,670800,masters,medical,8,good,no,1
65,357300,157900,high_school,medical,9,basic,no,1
67,372800,303800,bachelors,business,0,basic,no,1
74,410700,348800,bachelors,travel,3,fluent,no,1
44,710500,513900,masters,education,3,good,no,1
46,746900,273500,masters,travel,0,basic,no,1
58,620500,518400,high_school,education,3,good,no,1
30,889900,680200,masters,business,1,fluent,no,1
71,927400,225400,bachelors,travel,8,good,no,1
66,969300,393800,bachelors,medical,0,fluent,no,0
57,1461600,578400,masters,business,6,fluent,no,1
37,340600,237600,masters,medical,7,basic,no,1
39,407000,221000,bachelors,travel,4,good,no,1
45,1026500,359400,bachelors,business,0,fluent,no,1
59,607000,196100,high_school,business,0,fluent,no,1
67,1294700,638500,bachelors,business,9,good,no,1
60,462300,300200,phd,travel,0,basic,no,1
76,582500,309600,bachelors,business,0,good,no,1
78,918200,317500,phd,travel,9,good,no,1
62,592200,364200,high_school,medical,5,good,no,1
41,992000,892000,masters,travel,4,fluent,no,1
55,1398800,395200,phd,business,0,fluent,no,1
44,913200,498900,masters,travel,2,basic,yes,0
57,1149400,496200,high_school,education,6,basic,no,1
69,1917700,601800,bachelors,travel,1,fluent,no,1
41,292200,235700,high_school,business,0,fluent,no,1
49,775500,673400,bachelors,travel,0,fluent,no,1
20,1676200,691700,phd,travel,3,basic,no,1
64,1043800,428400,bachelors,travel,0,good,no,1
48,431800,94500,high_school,business,6,fluent,no,1
46,870300,533800,bachelors,medical,0,basic,no,0
51,316700,53800,bachelors,business,0,basic,yes,0
31,748600,390900,bachelors,business,8,fluent,no,1
55,242000,64000,high_school,business,8,fluent,no,1
64,1286200,841500,masters,travel,4,fluent,no,1
40,292500,247700,high_school,travel,7,fluent,no,1
26,827500,179200,bachelors,business,0,fluent,no,1
42,901700,661200,bachelors,travel,2,basic,no,1
30,563400,435500,high_school,education,0,good,no,0
41,534400,150800,bachelors,business,2,fluent,no,1
57,866400,729500,masters,medical,5,good,no,1
25,1448500,891800,bachelors,travel,6,fluent,no,1
65,770100,424500,masters,business,0,fluent,no,1
32,765500,500300,bachelors,medical,1,basic,no,0
74,557000,203900,bachelors,education,10,good,yes,0
64,1894300,320200,phd,travel,3,good,no,1
35,1128000,543200,phd,education,0,basic,no,1
53,355000,251200,high_school,travel,1,basic,no,0
24,1085000,910300,phd,travel,1,good,no,1
24,851900,402600,masters,education,1,basic,no,1
78,1162300,404200,high_school,education,1,good,no,0
68,738100,183400,bachelors,business,2,fluent,no,1
27,252600,215100,high_school,travel,2,fluent,no,0
35,995200,321700,bachelors,travel,2,good,no,1
30,2886300,2405200,phd,business,0,fluent,no,1
42,1461200,420600,bachelors,medical,0,fluent,no,1
36,412400,67500,bachelors,travel,1,good,no,0
38,466100,148300,high_school,travel,7,basic,no,1
51,743900,386500,bachelors,travel,5,fluent,no,1
29,962800,396200,masters,travel,0,basic,no,1
73,666300,553600,high_school,business,2,fluent,no,1
63,626100,349900,bachelors,medical,3,good,no,1
65,457200,109000,bachelors,travel,2,good,no,0
28,1641800,1016300,masters,education,4,good,no,1
62,524300,231600,masters,travel,10,good,no,1
70,625700,412500,masters,business,0,fluent,no,1
29,406400,300600,bachelors,business,2,good,no,1
65,1059400,942000,bachelors,travel,2,fluent,no,1
40,1031300,600700,masters,business,2,basic,no,1
67,1581200,672100,masters,education,0,fluent,no,1
48,491200,233400,bachelors,medical,3,fluent,no,1
68,488300,220700,masters,travel,0,good,no,0
27,423300,206500,high_school,travel,4,basic,no,0
42,488800,84300,high_school,education,3,fluent,no,1
35,1212400,406800,phd,business,1,fluent,no,1
33,214200,190800,high_school,medical,9,basic,yes,0
37,1406300,1189700,phd,travel,6,good,no,1
42,462600,86100,bachelors,business,2,fluent,no,1
26,757000,669700,phd,business,10,good,no,1
62,1442700,1073300,bachelors,medical,6,good,no,1
52,292700,44500,masters,business,0,good,no,1
70,1161400,969900,masters,education,3,basic,no,1
62,901500,784600,bachelors,business,3,fluent,no,1
27,482200,299700,bachelors,business,3,good,no,1
22,422600,313300,high_school,medical,8,fluent,no,1
44,1480700,591400,bachelors,business,2,fluent,no,1
48,3181200,1842700,phd,business,0,fluent,no,1
33,1358700,949300,bachelors,travel,2,good,yes,0
67,2744200,1566800,masters,medical,5,good,no,1
54,517200,195700,bachelors,travel,1,fluent,no,1
65,317200,202000,bachelors,business,0,fluent,no,1
24,1049900,817700,phd,medical,1,good,no,1
69,841300,653700,high_school,education,4,good,no,1
30,272800,68000,bachelors,medical,0,basic,no,0
46,454500,220000,bachelors,education,1,basic,no,1
45,345100,61800,high_school,education,0,fluent,no,0
69,657400,410600,high_school,travel,2,good,no,0
35,1102400,365600,masters,travel,0,good,no,1
33,352800,299100,high_school,education,0,good,no,0
39,1073800,659000,masters,education,4,good,no,1
40,403100,181600,bachelors,medical,0,good,no,0
29,427400,298600,high_school,travel,0,good,no,0
29,377300,115300,bachelors,business,3,fluent,no,1
32,497500,108700,high_school,travel,0,basic,no,0
47,626300,135000,masters,travel,0,good,no,1
39,1105900,649300,bachelors,travel,1,basic,yes,0
42,532600,434900,high_school,education,1,fluent,no,1
63,667800,211700,bachelors,travel,2,good,no,1
33,2000600,1440500,bachelors,business,10,good,no,1
75,934000,166500,bachelors,travel,1,fluent,no,0
65,441300,183100,high_school,travel,3,good,no,0
29,392000,251000,high_school,medical,7,basic,no,1
37,395100,304100,bachelors,travel,2,good,no,1
29,938000,804200,masters,travel,5,basic,no,1
35,1152000,719300,masters,travel,2,fluent,no,1
41,264000,131200,bachelors,travel,3,good,no,1
26,255200,49900,high_school,business,8,fluent,no,1
18,732300,261200,masters,medical,0,fluent,no,0
45,295400,248800,high_school,medical,7,good,no,1
62,774700,454900,bachelors,travel,2,good,no,1
37,836200,340300,bachelors,travel,3,basic,no,1
72,505200,170100,high_school,business,2,good,no,0
41,1023800,240800,bachelors,travel,0,fluent,no,1
74,391700,279600,high_school,travel,0,fluent,no,0
32,737600,338800,bachelors,education,8,fluent,no,1
51,311200,265300,high_school,business,3,good,no,1
66,884700,434200,bachelors,education,6,basic,no,1
21,788800,602500,bachelors,business,0,fluent,no,1
76,279500,69200,high_school,education,0,basic,no,0
40,694700,182800,bachelors,travel,1,good,no,1
49,952600,338100,masters,business,0,good,no,1
57,1261400,370100,phd,travel,2,basic,no,1
58,643700,568100,high_school,education,8,fluent,no,1
19,363400,274800,high_school,travel,6,fluent,no,1
72,1151400,473600,bachelors,business,2,fluent,no,1
57,1296900,700200,masters,travel,1,good,no,1
80,507900,279300,bachelors,travel,3,good,no,0
47,403500,244300,bachelors,travel,3,fluent,no,1
56,681000,155100,masters,travel,4,good,no,1
45,240500,99000,high_school,business,2,good,yes,0
74,848200,181900,bachelors,travel,0,good,no,0
70,1450500,1217400,bachelors,education,0,good,yes,0
75,1653400,748300,bachelors,education,9,basic,no,1
49,534300,371500,masters,business,4,fluent,no,1
67,1166100,980200,bachelors,travel,8,good,yes,0
40,792500,302800,bachelors,travel,1,basic,no,1
47,202500,43700,bachelors,business,2,good,no,1
65,450100,181000,high_school,travel,1,fluent,yes,0
23,762000,497800,masters,business,7,fluent,no,1
62,1893100,993600,masters,business,0,fluent,no,1
18,669400,138000,phd,education,4,basic,no,1
54,1325700,268600,masters,business,0,fluent,no,1
48,509500,343700,high_school,education,0,fluent,no,1
47,341600,239900,bachelors,business,0,fluent,no,1
49,558400,129600,bachelors,travel,2,basic,no,1
48,1254700,936100,high_school,travel,6,good,no,1
43,687700,281400,bachelors,education,10,fluent,yes,0
46,1245100,250500,bachelors,education,3,fluent,no,1
53,862900,345500,high_school,travel,2,fluent,no,1
66,760100,530400,masters,travel,5,good,no,1
52,266800,171200,high_school,business,0,good,no,1
58,401500,205200,bachelors,travel,5,good,no,1
70,2161300,777500,masters,business,5,fluent,no,1
80,822400,381100,bachelors,travel,2,basic,no,0
24,208200,90800,high_school,business,0,good,no,1
62,1196800,529600,bachelors,medical,0,good,no,0
32,364000,188300,masters,travel,1,good,yes,0
30,617500,303500,masters,travel,8,fluent,no,1
67,791100,179500,bachelors,travel,3,basic,no,0
22,2161300,794600,high_school,business,2,good,no,1
71,1185000,292500,bachelors,business,2,good,no,1
66,414400,249300,high_school,medical,5,good,no,1
80,987900,461500,masters,education,1,fluent,no,1
60,1613000,1054800,masters,business,0,good,no,1
72,2126100,458600,masters,education,4,good,no,1
25,943100,385400,phd,travel,1,basic,no,1
74,670800,191400,bachelors,business,1,fluent,no,1
28,684600,150000,phd,travel,2,fluent,no,1
37,1090700,796300,bachelors,business,0,fluent,no,1
26,950100,235800,high_school,business,7,good,no,1
43,334900,94200,masters,education,6,good,no,1
65,781900,332400,masters,business,10,good,no,1
34,554500,204900,phd,medical,8,basic,no,1
69,587100,493100,high_school,education,1,basic,no,0
56,382900,341300,bachelors,education,1,basic,no,0
57,470600,219700,masters,travel,4,basic,no,1
77,1002400,301600,high_school,medical,0,good,no,0
45,690700,361600,bachelors,travel,10,basic,no,1
39,732000,381900,bachelors,travel,0,fluent,no,1
80,685200,342300,high_school,travel,2,fluent,no,0
53,921700,152300,high_school,medical,3,good,no,1
56,772600,190300,masters,business,7,good,no,1
36,434500,111100,high_school,travel,3,fluent,no,1
31,784000,324400,masters,education,3,basic,no,1
28,1763200,1032500,masters,travel,1,good,no,1
32,728700,589100,bachelors,medical,3,good,no,1
30,644600,204700,bachelors,travel,4,fluent,no,1
65,670000,488000,high_school,business,2,fluent,no,1
21,2663000,851200,masters,travel,5,fluent,no,1
57,562900,98200,high_school,travel,0,good,no,0
77,652300,415800,bachelors,business,1,fluent,no,1
66,3146500,978500,phd,business,8,fluent,no,1
43,1572000,1320100,bachelors,business,1,fluent,no,1
21,1451500,1233900,bachelors,education,3,good,no,1
70,820600,187700,phd,medical,2,fluent,no,1
18,388500,115000,high_school,travel,8,fluent,no,1
60,197100,60700,high_school,business,0,fluent,no,1
60,1286200,1072100,bachelors,travel,0,basic,no,1
30,1014700,211600,masters,medical,6,basic,no,1
64,361200,257700,masters,education,3,fluent,no,1
29,1883800,689100,masters,business,2,basic,no,1
32,897700,526800,phd,business,1,good,no,1
69,480300,135900,high_school,medical,1,good,no,0
79,329200,248500,bachelors,medical,8,fluent,no,1
34,708400,462600,high_school,business,4,fluent,no,1
76,1424200,236200,phd,education,7,fluent,no,1
75,1052600,345100,phd,business,9,good,no,1
66,601100,300400,bachelors,business,2,basic,no,1
26,4124000,2261500,masters,education,3,fluent,no,1
36,390300,300700,bachelors,travel,3,basic,no,1
60,363400,160000,high_school,travel,6,good,no,1
80,1116800,943800,bachelors,medical,3,fluent,no,1
69,618600,182700,phd,education,0,good,no,1
44,415800,329800,bachelors,business,8,fluent,no,1
32,1006800,833900,high_school,travel,3,good,no,1
78,1507600,934700,phd,education,6,fluent,no,1
35,987300,864500,bachelors,travel,1,good,no,1
39,836100,382900,bachelors,medical,2,good,no,1
78,664700,448300,masters,education,4,basic,no,0
53,658400,103700,bachelors,business,5,fluent,no,1
34,724300,257900,bachelors,business,0,good,no,1
18,860600,494700,high_school,education,1,good,no,0
45,1229400,992100,masters,medical,5,good,no,1
80,454100,392700,bachelors,business,10,basic,no,1
45,1501600,877800,masters,business,0,fluent,no,1
62,386400,306000,masters,education,0,basic,no,0
33,453100,339600,high_school,business,2,good,no,1
66,519000,379000,masters,business,0,basic,no,1
66,607100,141800,masters,medical,0,basic,no,0
56,3118200,1587100,phd,education,2,fluent,no,1
66,240700,123900,high_school,medical,3,fluent,no,0
54,482100,357000,bachelors,education,1,fluent,no,1
41,1287900,759300,masters,travel,1,good,no,1
64,834500,638300,phd,medical,9,good,no,1
70,1177300,1021100,phd,business,2,fluent,no,1
70,1660700,940000,bachelors,business,5,fluent,yes,0
31,1084400,806600,bachelors,medical,0,basic,no,0
60,417600,238200,high_school,education,6,fluent,no,1
18,903700,559600,masters,medical,6,fluent,no,1
54,1302300,660300,masters,business,0,good,no,1
53,1379200,1199500,masters,medical,3,good,no,1
40,765200,584000,bachelors,travel,4,good,no,1
80,1317800,940900,phd,education,1,good,no,1
73,659300,261900,high_school,medical,5,good,no,0
20,719100,369700,bachelors,travel,1,good,no,0
31,542300,432300,bachelors,education,2,fluent,no,1
31,1138100,970000,bachelors,travel,10,fluent,no,1
74,1142000,1025700,masters,education,0,basic,no,0
50,240900,168800,bachelors,medical,0,fluent,no,0
63,343100,239500,high_school,education,0,fluent,no,0
69,414800,91400,high_school,business,10,fluent,no,1
66,677300,483400,bachelors,business,0,good,no,1
23,1886000,773400,masters,medical,0,fluent,no,1
26,4402800,3515500,bachelors,medical,4,good,no,1
42,195700,31000,bachelors,medical,5,basic,no,1
39,638800,543500,high_school,business,2,good,no,1
65,1010600,518300,masters,travel,9,basic,no,1
27,685000,168500,bachelors,education,0,fluent,no,1
41,1019800,612600,bachelors,education,3,basic,no,1
32,821500,549600,bachelors,business,3,fluent,no,1
29,620100,455700,bachelors,travel,1,good,no,1
28,768800,520000,bachelors,business,7,fluent,no,1
30,733900,414700,high_school,travel,2,good,no,1
53,1253700,265100,masters,business,0,fluent,no,1
43,839200,669000,bachelors,business,0,fluent,no,1
45,548800,487100,bachelors,business,0,good,yes,0
48,5094500,3736800,phd,medical,7,good,no,1
64,921900,162300,bachelors,education,0,good,no,0
72,1150600,824700,bachelors,medical,7,fluent,no,1
51,572200,201500,bachelors,travel,0,good,no,1
58,839600,731800,bachelors,travel,9,basic,no,1
64,597100,118000,high_school,travel,6,basic,no,0
61,339800,74500,masters,travel,0,good,no,0
26,510100,145900,bachelors,travel,0,fluent,no,0
79,649200,464100,masters,education,5,fluent,no,1
28,776800,496000,phd,education,0,basic,no,1
43,300000,208600,high_school,medical,0,basic,no,0
59,996400,413900,masters,business,5,good,no,1
43,1165400,943600,high_school,travel,7,good,no,1
33,812800,394000,bachelors,business,5,basic,no,1
76,507900,127300,masters,business,7,good,no,1
22,306500,222400,high_school,education,2,fluent,no,0
33,878300,480600,phd,travel,5,good,no,1
80,347300,206700,bachelors,education,1,fluent,no,0
63,894400,392500,bachelors,business,5,good,yes,0
23,1137300,776800,high_school,medical,4,good,no,1
65,551100,97400,bachelors,medical,3,good,no,0
79,788900,409000,bachelors,travel,10,basic,no,1
24,426800,200800,high_school,medical,2,basic,no,0
44,535100,379800,bachelors,business,3,fluent,no,1
47,599700,209500,high_school,education,2,fluent,no,1
26,750400,244100,phd,medical,0,good,no,0
30,485000,189100,bachelors,education,1,basic,no,0
28,310500,158500,bachelors,education,9,basic,no,1
29,1007800,309800,masters,travel,1,basic,no,1
43,1749200,1160000,masters,education,4,fluent,no,1
47,1435200,572200,masters,education,2,fluent,no,1
32,2455300,1144500,phd,business,7,fluent,no,1
36,372900,211900,high_school,business,5,fluent,no,1
30,1207900,522600,bachelors,education,0,basic,no,1
68,530400,358500,masters,travel,1,good,no,1
31,798200,512600,high_school,travel,4,basic,no,1
75,2402700,1724200,masters,medical,0,basic,yes,0
51,710800,385400,high_school,education,2,fluent,no,1
68,2695600,1147200,phd,travel,1,fluent,no,1
58,699800,210500,masters,travel,0,basic,no,0
34,702700,335700,bachelors,travel,10,basic,no,1
55,457200,367900,bachelors,education,7,good,no,1
35,1101600,265200,phd,travel,4,basic,no,1
25,1128200,351500,masters,travel,0,good,no,1
34,986700,640300,masters,education,9,good,no,1
35,749400,435600,masters,education,3,good,no,1
26,412500,345300,high_school,education,8,good,no,1
19,653300,112200,high_school,business,0,good,no,1
77,495000,400400,high_school,education,0,fluent,no,0
50,516200,358300,masters,travel,4,good,no,1
43,266500,195000,bachelors,business,7,fluent,no,1
76,545200,236600,bachelors,education,0,good,no,0
32,505300,192300,phd,education,1,fluent,no,1
43,341300,54900,high_school,travel,3,basic,no,0
71,770600,570700,masters,education,10,basic,no,1
57,698100,189300,bachelors,travel,5,good,no,1
43,524500,167600,bachelors,business,7,fluent,no,1
34,1803400,644600,high_school,travel,4,basic,no,1
20,486100,390000,masters,travel,6,good,no,1
23,1891400,692100,masters,education,2,fluent,no,1
28,691800,324600,bachelors,education,0,basic,no,0
67,526900,374400,bachelors,education,4,basic,no,1
58,1045100,856100,bachelors,business,3,good,no,1
45,589700,438400,bachelors,travel,2,basic,no,1
67,485400,267700,bachelors,business,0,fluent,no,1
28,2024600,307000,bachelors,education,5,fluent,no,1
31,290900,78100,masters,business,6,fluent,no,1
42,850100,289200,masters,travel,1,good,no,1
75,599900,276100,high_school,education,7,good,no,1
56,2110000,889700,masters,education,1,fluent,no,1
71,607600,325600,bachelors,business,0,basic,no,1
33,4670200,2143700,phd,travel,0,basic,no,1
71,1148500,797700,bachelors,education,2,fluent,no,1
22,147000,27800,high_school,travel,0,basic,no,0
32,437300,391800,masters,business,4,basic,no,1
50,615600,481600,high_school,medical,5,basic,no,1
21,518500,208000,masters,travel,2,good,no,1
72,1460700,653800,phd,travel,7,basic,no,1
72,757800,661400,masters,business,8,fluent,yes,0
52,391900,333800,bachelors,travel,1,fluent,no,1
37,445100,198000,bachelors,travel,0,good,no,1
24,1208700,235300,bachelors,business,0,good,no,1
56,177600,158200,high_school,travel,3,fluent,no,1
51,1920400,1229700,phd,travel,1,basic,no,1
65,1366100,914900,bachelors,medical,4,fluent,no,1
55,630500,224400,bachelors,medical,3,good,no,1
26,249600,190700,high_school,business,3,basic,yes,0
25,1467200,833500,phd,business,0,fluent,no,1
67,827100,415800,phd,education,0,good,no,1
28,328800,232100,bachelors,medical,1,good,no,0
77,2161900,927300,bachelors,medical,6,good,no,1
24,598000,282300,masters,business,4,fluent,no,1
63,336600,215200,bachelors,business,3,fluent,no,1
79,1264200,796100,phd,business,4,fluent,no,1
45,1041100,914500,phd,education,2,good,no,1
21,2202700,1260200,masters,travel,0,good,no,1
73,438300,171300,high_school,travel,0,good,no,0
29,793600,290100,masters,travel,0,good,no,1
51,1299500,715400,phd,business,0,good,no,1
80,844300,202400,bachelors,travel,1,good,no,0
64,1103800,652400,masters,business,5,fluent,no,1
20,878600,388900,bachelors,travel,0,basic,no,0
69,1183100,489800,phd,education,0,good,no,1
28,773500,227700,masters,education,0,good,no,1
65,854200,445500,high_school,travel,0,basic,no,0
57,620700,110600,bachelors,education,0,basic,no,0
36,841000,509100,high_school,education,0,basic,yes,0
44,1622900,591000,bachelors,business,0,fluent,no,1
25,744500,617000,phd,business,10,fluent,no,1
80,2027800,1104700,high_school,travel,1,good,no,0
33,730300,537100,phd,business,0,basic,no,1
37,366600,289000,high_school,business,2,fluent,no,1
49,1309000,1059300,masters,business,0,good,no,1
60,1377800,1106300,phd,business,2,fluent,no,1
49,1011800,322900,masters,travel,1,good,no,1
49,1525500,575900,masters,travel,7,basic,no,1
54,1241800,845600,phd,business,7,good,no,1
72,2356400,1303600,bachelors,education,4,good,no,1
42,944600,573400,masters,business,0,fluent,no,1
70,337700,222300,high_school,travel,2,basic,no,0
67,558500,131600,bachelors,business,1,fluent,no,1
78,980400,270800,bachelors,education,5,fluent,no,1
75,1270700,798500,masters,medical,0,fluent,yes,0
68,1089600,674500,masters,travel,3,fluent,no,1
33,474100,361800,bachelors,business,1,good,yes,0
66,1988500,1333000,phd,business,2,fluent,no,1
64,1568100,479500,high_school,business,1,fluent,no,1
36,1098200,222400,phd,education,1,good,no,1
60,1462800,648400,high_school,business,4,basic,no,1
33,1218200,521900,bachelors,medical,3,basic,no,1
50,2563200,1859800,bachelors,travel,0,basic,no,1
68,981100,641300,bachelors,travel,0,fluent,no,1
29,1048500,843200,masters,education,6,good,no,1
39,1545900,816500,masters,business,2,fluent,no,1
68,766300,280900,masters,education,3,fluent,no,1
46,676000,357100,high_school,business,2,good,no,1
78,1123400,350100,high_school,education,3,fluent,no,0
18,848100,165700,high_school,travel,3,basic,no,0
63,743700,390300,bachelors,business,0,basic,no,1
69,603300,277600,high_school,education,2,basic,no,0
75,1147600,199900,bachelors,business,2,good,no,1
27,1448800,1001100,masters,business,0,good,no,1
80,1632600,1033900,phd,education,4,good,no,1
42,1172300,240700,masters,travel,0,basic,no,1
40,343300,234300,high_school,medical,0,basic,no,0
40,524700,111300,bachelors,travel,5,good,no,1
58,696400,374800,high_school,travel,6,basic,no,1
59,1195100,737000,bachelors,business,0,fluent,no,1
47,1113000,583500,bachelors,business,4,fluent,no,1
22,745500,529700,phd,medical,0,good,no,0
80,696200,305800,bachelors,business,4,fluent,yes,0
31,396600,122800,bachelors,travel,2,good,no,1
23,351900,181200,bachelors,business,5,fluent,no,1
55,1130300,459700,phd,business,1,fluent,no,1
43,1140500,300500,high_school,travel,1,fluent,no,1
56,1027500,517200,masters,education,6,good,no,1
73,1543400,464700,high_school,education,0,good,no,0
24,493700,248200,high_school,medical,0,fluent,no,0
35,989500,588200,masters,business,1,basic,no,1
50,313300,230800,high_school,travel,3,good,no,1
67,803600,634700,masters,business,0,fluent,no,1
55,280800,182800,high_school,education,3,fluent,no,1
42,323400,265200,bachelors,travel,1,good,no,1
56,396900,225600,bachelors,travel,3,basic,no,1
79,1019400,696100,masters,business,7,good,no,1
48,648600,472000,masters,education,1,good,no,1
73,738900,567900,masters,education,2,fluent,no,1
67,947800,676600,bachelors,medical,2,fluent,no,1
36,230500,190600,high_school,business,0,good,no,1
33,791000,399200,bachelors,medical,5,basic,no,1
66,1206100,1043400,bachelors,business,7,fluent,no,1
31,903500,406800,high_school,travel,5,good,no,1
39,1435800,291000,phd,business,8,fluent,no,1
32,735100,210700,bachelors,business,2,good,no,1
56,383400,218000,high_school,travel,3,basic,no,0
36,1032900,166200,phd,business,0,fluent,no,1
59,1878300,503500,bachelors,travel,9,good,yes,0
76,1130300,486700,masters,education,3,good,no,1
70,509500,315000,high_school,education,0,fluent,no,0
77,1031500,282800,bachelors,education,5,fluent,no,1
19,777500,451800,bachelors,travel,3,fluent,no,1
46,856500,554500,bachelors,business,8,good,no,1
31,849200,613800,masters,education,5,good,no,1
75,430100,277600,high_school,business,6,fluent,no,1
62,934500,315500,high_school,business,2,fluent,no,1
38,184900,166000,high_school,business,2,fluent,no,1
53,984300,803400,bachelors,education,5,fluent,no,1
56,415700,178800,high_school,travel,0,good,no,0
49,341100,58600,masters,education,0,good,no,1
47,442600,241900,bachelors,travel,9,good,no,1
21,529800,423300,high_school,travel,7,fluent,no,1
46,799900,613100,bachelors,travel,8,good,no,1
39,811800,668200,high_school,business,0,fluent,no,1
69,1179800,1034800,bachelors,travel,0,fluent,no,1
72,415400,284500,masters,travel,7,fluent,no,1
65,1197100,325400,masters,travel,0,fluent,no,1
19,1452000,257500,masters,business,2,fluent,no,1
70,853300,224900,bachelors,education,1,good,no,0
42,712400,214300,high_school,travel,6,fluent,no,1
44,336000,65900,masters,business,2,good,no,1
77,438800,215100,bachelors,business,0,good,no,1
72,1603700,1183400,bachelors,travel,2,fluent,no,1
21,926600,141900,phd,travel,0,good,no,1
40,2569400,1934000,bachelors,education,4,good,no,1
65,481500,406400,masters,business,3,basic,no,1
51,1787900,472000,bachelors,education,3,good,no,1
34,386200,64100,high_school,business,1,fluent,no,1
51,868300,442400,high_school,travel,0,good,no,0
72,643100,515400,bachelors,education,0,good,no,0
32,806200,566500,bachelors,travel,8,good,no,1
65,1349600,237600,masters,business,1,fluent,no,1
64,694100,454600,masters,travel,2,fluent,no,1
73,1175400,897200,bachelors,medical,1,good,no,0
36,653600,230900,bachelors,medical,9,good,no,1
31,834300,534000,bachelors,business,5,good,no,1
52,176600,91900,bachelors,education,0,good,no,0
51,807900,245800,masters,travel,3,basic,no,1
43,1082700,894500,high_school,business,2,fluent,no,1
67,1583600,502400,phd,education,5,good,no,1
68,879900,686600,high_school,travel,10,basic,no,1
33,556400,376300,high_school,travel,4,basic,no,1
68,2445400,772000,masters,education,6,basic,no,1
32,633300,432900,high_school,travel,2,basic,no,0
43,526200,89200,bachelors,education,1,fluent,no,1
19,864900,283000,high_school,travel,3,basic,no,0
39,1615600,588200,masters,business,4,basic,no,1
78,1069500,873700,bachelors,travel,0,fluent,no,0
45,433000,362200,high_school,medical,2,basic,yes,0
62,883200,312000,bachelors,travel,0,fluent,no,1
24,1162800,588400,high_school,business,0,fluent,no,1
58,1405400,1245500,phd,education,7,fluent,no,1
41,239700,155700,high_school,medical,0,good,no,0
64,535300,108300,bachelors,medical,5,basic,no,1
76,521800,231500,bachelors,travel,1,fluent,no,0
51,499600,232900,bachelors,travel,3,fluent,no,1
24,338400,128500,phd,travel,7,basic,no,1
47,2139900,1155400,bachelors,education,5,fluent,no,1
25,600700,421700,masters,medical,6,good,no,1
46,486200,325100,bachelors,education,0,fluent,no,1
21,334300,138300,masters,travel,1,fluent,no,1
58,1218400,855900,bachelors,business,4,basic,no,1
37,514000,283000,high_school,travel,5,fluent,no,1
30,445500,323900,high_school,business,5,fluent,no,1
19,458700,108000,high_school,business,4,fluent,no,1
73,1493200,677300,phd,travel,0,basic,no,0
70,747000,333200,masters,education,0,fluent,no,1
69,181000,74900,high_school,medical,8,good,no,1
21,371800,250400,bachelors,education,2,good,no,0
40,464600,263800,masters,medical,5,fluent,no,1
79,880200,386800,bachelors,education,3,good,no,0
54,1261700,696700,bachelors,education,7,fluent,no,1
26,2178100,1477400,masters,business,6,fluent,yes,0
26,219900,144300,high_school,travel,0,basic,no,0
34,1064100,766700,bachelors,business,7,fluent,no,1
79,385300,303900,high_school,business,1,fluent,no,0
28,2697700,1900600,high_school,business,1,fluent,no,1
74,2081800,593500,masters,education,6,good,no,1
60,2480100,1946700,masters,education,1,basic,no,1
76,1680300,670500,phd,medical,0,good,no,0
70,666700,433000,high_school,medical,3,good,no,0
38,779500,696300,masters,medical,10,fluent,no,1
70,777300,288400,phd,business,0,fluent,no,1
28,487200,171800,bachelors,medical,4,good,no,1
36,1517900,435100,phd,education,2,good,no,1
31,2549400,2264000,phd,medical,1,good,no,1
26,799300,375800,masters,business,4,basic,no,1
23,726400,536000,phd,business,2,fluent,no,1
29,334600,62500,bachelors,medical,5,good,no,1
25,865500,246900,bachelors,business,4,fluent,no,1
41,2124900,419400,phd,travel,9,good,no,1
22,1965800,1497400,masters,travel,5,basic,no,1
21,1153300,265200,high_school,business,0,fluent,no,1
80,950700,800800,bachelors,business,5,fluent,no,1
23,795000,515000,bachelors,medical,3,fluent,no,1
22,1969000,1638500,masters,medical,0,fluent,no,1
19,293500,134000,high_school,medical,3,good,no,0
26,593600,323100,bachelors,business,5,good,no,1
51,1938500,330900,bachelors,business,0,fluent,yes,0
70,299200,149400,high_school,travel,1,fluent,no,0
64,1060400,628900,phd,travel,2,fluent,no,1
54,1070600,241400,bachelors,business,1,good,no,1
23,565500,501000,high_school,education,6,fluent,no,1
66,1423500,218200,bachelors,medical,0,basic,no,0
20,2251100,789200,masters,travel,5,good,no,1
57,984900,602500,bachelors,travel,5,fluent,no,1
43,1625000,850200,bachelors,travel,1,fluent,no,1
73,453900,149500,bachelors,business,2,good,yes,0
37,991000,882100,phd,business,0,good,no,1
58,3651500,1065000,masters,travel,0,basic,no,1
45,2831700,1631800,masters,travel,2,basic,no,1
50,374800,88800,bachelors,travel,0,good,no,0
77,1073200,206200,phd,education,5,fluent,no,1
62,1048200,540800,masters,business,3,good,no,1
44,951300,716800,bachelors,business,0,good,no,1
46,2177900,1194500,phd,business,1,fluent,no,1
62,2674600,990200,masters,business,6,good,no,1
39,992900,161400,masters,travel,0,basic,no,1
28,1802800,1542100,masters,education,4,fluent,no,1
47,1080500,333800,bachelors,medical,0,basic,no,0
22,747800,434400,bachelors,travel,8,good,no,1
28,212400,34300,high_school,travel,1,good,no,0
44,1324600,295300,bachelors,business,2,good,no,1
68,1055300,293000,bachelors,travel,2,basic,no,0
67,937300,219500,bachelors,travel,1,basic,no,0
34,630000,345300,phd,medical,4,basic,no,1
44,1587300,710800,high_school,travel,0,fluent,no,1
27,1057700,794300,masters,business,0,good,no,1
65,403800,95800,bachelors,business,0,good,no,1
33,264000,125000,high_school,business,3,good,no,1
68,784300,369600,high_school,medical,7,fluent,no,1
71,1116200,360700,bachelors,business,0,basic,no,1
61,586400,130200,bachelors,business,6,fluent,no,1
38,975700,154200,bachelors,business,5,good,no,1
78,1404200,230500,masters,education,0,fluent,no,0
61,817000,366800,bachelors,travel,0,basic,no,0
58,367400,70100,high_school,travel,1,basic,no,0
71,1283600,572400,bachelors,travel,0,good,no,0
73,856600,409500,high_school,business,5,good,no,1
22,738400,357400,high_school,medical,2,good,no,0
73,341600,100300,high_school,business,1,fluent,no,0
66,467800,245100,masters,business,4,fluent,no,1
31,1014500,450700,masters,travel,0,basic,no,1
37,1621800,1446900,masters,business,6,fluent,no,1
65,1723700,317200,masters,business,3,good,no,1
31,1043300,198700,bachelors,education,1,fluent,no,1
46,590500,453700,bachelors,travel,2,good,no,1
61,347200,121400,high_school,business,0,fluent,no,1
58,749500,215700,bachelors,travel,9,fluent,no,1
75,753400,607100,bachelors,education,1,good,yes,0
25,1390900,764400,bachelors,business,7,fluent,yes,0
36,830100,507900,phd,business,9,good,no,1
80,434500,67800,high_school,travel,2,good,no,0
53,1673200,578200,high_school,travel,4,good,no,1
33,2536600,873600,phd,medical,3,basic,no,1
36,465500,335500,bachelors,travel,0,fluent,no,1
39,1696900,745200,bachelors,business,8,basic,no,1
52,291500,170000,high_school,travel,2,good,yes,0
35,595800,505800,bachelors,travel,7,basic,no,1
57,906200,805200,phd,business,3,good,yes,0
46,932000,228800,masters,travel,0,fluent,no,1
56,1063800,603100,bachelors,business,1,basic,no,1
27,802100,540900,bachelors,education,0,fluent,no,1
57,1060800,781300,bachelors,education,0,good,no,1
76,606500,509500,bachelors,travel,4,fluent,no,1
26,929400,647100,bachelors,medical,0,basic,no,0
38,564400,376700,high_school,medical,8,good,no,1
61,453300,86400,masters,business,1,good,no,1
56,1268600,708700,masters,travel,2,good,no,1
60,1139400,682600,phd,travel,0,good,no,1
53,656800,441600,masters,business,0,good,no,1
61,598900,351900,bachelors,travel,3,good,no,1
56,780400,356700,masters,business,1,basic,no,1
22,944500,487000,phd,medical,3,good,no,1
65,1421800,1244800,high_school,travel,2,good,no,1
46,2388300,947700,bachelors,education,0,good,no,1
21,120700,89100,high_school,travel,2,basic,no,0
43,1413600,856000,phd,business,1,good,no,1
45,1827300,882400,phd,medical,0,good,no,1
23,863700,397900,masters,business,5,fluent,no,1
80,1260400,696900,bachelors,business,0,fluent,no,1
32,2684300,2012800,phd,travel,0,good,no,1
38,254100,61400,high_school,education,2,fluent,no,1
45,581600,484500,high_school,travel,2,basic,no,0
70,2219300,1621400,bachelors,business,8,fluent,no,1
64,492400,202800,masters,travel,6,basic,no,1
66,912900,143900,masters,business,5,good,no,1
32,591200,135300,bachelors,business,2,good,no,1
71,1349200,348500,bachelors,travel,1,basic,no,0
70,1456700,331700,bachelors,business,0,fluent,no,1
47,590800,134200,high_school,business,6,good,no,1
52,990000,861400,masters,travel,1,basic,no,1
20,293900,189200,bachelors,education,1,basic,no,0
65,1181900,904700,high_school,business,3,fluent,no,1
78,623000,356400,bachelors,travel,5,fluent,no,1
47,899400,552800,masters,business,2,fluent,no,1
52,1659700,1345600,masters,medical,0,fluent,no,1
49,602400,208700,high_school,business,7,fluent,no,1
23,938600,629700,high_school,business,0,good,no,1
57,1506100,1241800,phd,travel,8,basic,no,1
63,846200,721100,bachelors,business,1,good,no,1
76,897400,433500,bachelors,business,8,good,no,1
76,291400,230900,high_school,business,7,fluent,no,1
48,995700,525600,phd,travel,1,basic,no,1
78,1765600,606300,masters,travel,5,basic,no,1
51,329600,111500,high_school,education,0,fluent,no,0
58,364600,178200,high_school,education,0,basic,no,0
55,333100,114400,high_school,travel,1,basic,yes,0
80,587900,101400,high_school,medical,3,basic,no,0
64,1168700,267800,high_school,education,0,fluent,no,0
25,730100,574500,high_school,education,2,basic,no,0
22,163200,132500,high_school,education,9,basic,no,1
43,1080800,869800,bachelors,travel,6,basic,no,1
50,593200,335300,bachelors,business,0,fluent,no,1
60,1001100,852300,bachelors,travel,2,basic,no,1
48,895900,469700,masters,business,0,basic,no,1
50,471300,234200,bachelors,travel,0,fluent,no,1
76,935200,473000,masters,business,7,fluent,no,1
39,847700,288700,phd,business,10,good,no,1
49,1280000,781000,phd,medical,0,basic,no,1
53,331900,161500,high_school,education,0,basic,no,0
47,291100,256500,high_school,travel,1,good,no,0
78,1131600,315700,bachelors,travel,1,basic,no,0
78,994400,206400,high_school,travel,0,fluent,no,0
50,743400,307300,high_school,medical,0,fluent,no,0
46,378200,117900,high_school,education,1,good,no,0
55,503500,450100,bachelors,travel,0,basic,no,0
29,668200,380200,masters,travel,6,fluent,no,1
44,1234500,518200,bachelors,travel,5,good,no,1
31,686500,433900,phd,education,2,fluent,no,1
27,1581700,774800,masters,medical,1,basic,no,1
23,767000,235200,high_school,travel,6,good,no,1
54,1494400,666300,bachelors,travel,0,fluent,no,1
18,969700,353700,high_school,travel,7,fluent,no,1
58,1456600,915000,phd,travel,0,good,yes,0
45,433700,330700,masters,medical,7,good,no,1
41,1360500,472000,masters,education,0,good,no,1
66,1036400,638400,masters,travel,5,good,no,1
51,616100,419800,bachelors,travel,0,fluent,no,1
64,2286100,977300,phd,travel,5,good,no,1
62,994400,512800,phd,business,3,good,no,1
20,726900,304700,masters,travel,0,basic,no,0
31,1403800,603200,bachelors,education,5,good,no,1
53,432400,209600,high_school,education,0,fluent,no,0
79,392900,146000,high_school,business,2,basic,no,0
27,290700,150100,high_school,education,1,good,no,0
24,481800,344100,bachelors,education,5,fluent,no,1
77,649400,289500,masters,business,6,fluent,no,1
78,1520800,1306500,phd,travel,2,basic,no,1
28,308500,96700,high_school,travel,5,good,no,1
43,272300,132600,bachelors,education,7,good,no,1
57,638400,383800,high_school,business,4,basic,no,1
30,762600,425100,phd,business,1,fluent,no,1
38,964000,829200,masters,travel,2,good,no,1
42,1531600,602300,bachelors,business,0,fluent,no,1
58,786900,340900,bachelors,travel,2,good,no,1
37,1735400,1035600,bachelors,education,0,basic,no,1
43,728700,435200,bachelors,business,5,good,no,1
36,940200,696300,high_school,travel,3,basic,no,1
65,559800,417500,bachelors,medical,3,basic,no,0
27,573300,90700,high_school,travel,0,good,no,0
32,452900,327500,bachelors,travel,0,basic,no,0
33,483400,332800,bachelors,travel,5,good,no,1
75,859600,506600,masters,business,2,good,no,1
77,364300,141300,bachelors,business,8,basic,yes,0
49,825800,685700,bachelors,education,2,basic,no,1
27,915000,643900,phd,travel,0,good,no,1
65,860700,295200,bachelors,business,4,fluent,no,1
49,367400,139200,bachelors,business,4,fluent,no,1
71,794900,542800,high_school,education,0,basic,no,0
40,2474300,2074100,masters,business,4,fluent,no,1
80,1713500,887400,bachelors,education,0,fluent,yes,0
68,1539800,1246300,high_school,travel,0,basic,no,0
32,553100,241500,high_school,travel,0,basic,no,0
63,801300,357700,masters,business,3,good,no,1
36,1271800,845100,masters,business,4,basic,no,1
40,853200,160300,masters,travel,0,fluent,no,1
33,290500,73800,bachelors,education,5,good,no,1
60,1187200,826700,bachelors,business,5,fluent,no,1
34,665000,220500,bachelors,travel,1,fluent,no,1
58,241100,67800,high_school,travel,0,good,no,0
54,572000,124000,bachelors,business,0,fluent,no,1
65,673400,214600,bachelors,travel,0,basic,no,0
80,979000,330800,masters,business,8,good,no,1
18,766500,311100,bachelors,travel,5,basic,no,1
80,1606300,1371400,bachelors,business,0,good,no,1
24,532000,337000,phd,travel,2,basic,no,1
51,894600,599400,masters,travel,0,good,no,1
39,333200,83200,high_school,travel,0,good,no,0
58,2156600,635100,phd,travel,1,good,no,1
63,396800,327000,high_school,medical,0,basic,no,0
72,805100,503800,masters,travel,0,fluent,no,1
43,962500,728800,high_school,education,1,basic,no,1
76,1567700,655500,bachelors,business,1,fluent,no,1
38,2429200,1416000,phd,travel,2,good,no,1
30,218900,115300,high_school,business,2,fluent,no,1
41,1268600,385700,masters,travel,1,good,no,1
51,877700,674600,bachelors,education,2,fluent,no,1
60,525400,210300,high_school,education,1,fluent,no,1
70,1121000,560700,phd,travel,8,basic,no,1
32,1534400,383200,bachelors,travel,0,fluent,no,1
37,1722000,1082700,masters,business,3,basic,no,1
77,1592900,1184100,masters,business,0,fluent,no,1
45,605500,277200,high_school,education,1,good,no,1
33,2637400,2330400,bachelors,business,2,fluent,no,1
80,606900,208300,bachelors,business,5,good,no,0
46,311000,250300,bachelors,medical,9,basic,no,1
80,467000,322700,high_school,medical,2,good,no,0
75,780900,660200,bachelors,travel,0,basic,yes,0
75,1991800,1405200,masters,travel,5,good,no,1
54,408000,212600,high_school,education,0,good,no,0
68,1274400,586400,masters,business,2,fluent,no,1
78,335700,259200,bachelors,travel,6,basic,no,0
34,979500,764300,high_school,travel,1,basic,no,0
20,561100,332000,high_school,medical,2,good,yes,0
38,463100,313300,high_school,medical,0,basic,no,0
58,2443400,1214700,bachelors,education,0,good,no,1
52,973300,305400,high_school,business,9,good,no,1
23,549000,102900,masters,travel,0,good,no,0
53,915900,586400,masters,business,1,good,no,1
28,2433800,1586600,high_school,medical,2,good,no,1
49,2888200,1874300,masters,business,1,fluent,no,1
54,1795500,1026700,phd,business,0,fluent,no,1
58,195700,79600,high_school,education,0,good,no,0
43,2248600,745500,phd,travel,2,basic,no,1
43,533400,106300,bachelors,education,1,basic,no,0
60,2014200,525700,masters,business,5,fluent,no,1
65,363100,225600,high_school,education,1,fluent,yes,0
68,1272700,924000,masters,business,8,basic,no,1
39,683900,568100,masters,business,0,good,no,1
44,885000,188400,phd,travel,1,basic,no,1
38,1521700,1157300,phd,business,8,good,no,1
51,261600,156500,high_school,travel,6,fluent,no,1
26,3586200,1348400,masters,business,1,good,no,1
45,430000,298600,bachelors,business,1,basic,no,1
29,297800,265600,high_school,education,6,good,yes,0
51,762100,331200,high_school,business,0,basic,no,1
71,2199400,1364900,phd,education,0,basic,no,1
80,814000,281300,masters,education,2,good,no,0
46,299700,91000,high_school,business,6,good,no,1
21,650700,170400,phd,education,2,basic,no,1
32,552000,96100,masters,business,2,fluent,no,1
24,896200,620900,bachelors,travel,8,good,no,1
65,727900,188900,bachelors,business,0,basic,no,1
80,1229300,807900,masters,education,5,fluent,no,1
52,1188800,953700,masters,travel,0,basic,no,1
29,1190500,934500,bachelors,travel,4,fluent,no,1
19,603800,226000,bachelors,medical,2,fluent,no,0
79,360000,87600,high_school,travel,0,good,no,0
37,824400,397600,bachelors,medical,2,basic,no,1
25,734000,209900,bachelors,education,6,fluent,no,1
29,869400,374000,bachelors,medical,2,basic,no,0
34,511500,294900,bachelors,medical,0,basic,no,0
59,1077000,682000,bachelors,medical,0,good,no,0
74,395700,124100,bachelors,business,3,good,no,0
35,593800,190300,bachelors,education,4,fluent,no,1
61,1005500,803900,high_school,education,1,fluent,no,1
22,580100,498100,phd,travel,0,fluent,no,1
18,962800,608300,high_school,business,4,fluent,no,1
21,348500,197800,bachelors,medical,1,good,no,0
76,226000,145400,high_school,business,0,fluent,no,0
54,427700,105400,masters,travel,1,fluent,no,1
68,806700,663700,bachelors,travel,2,fluent,yes,0
19,1130000,346300,bachelors,business,8,fluent,no,1
19,1980200,1291600,masters,education,3,fluent,no,1
71,1895300,599800,masters,business,0,fluent,no,1
24,1215900,826000,bachelors,education,6,good,no,1
27,478800,342400,bachelors,education,0,fluent,no,1
50,680700,480400,phd,travel,8,basic,no,1
56,1666800,785900,phd,education,1,good,no,1
32,2125500,1286500,masters,business,7,good,no,1
46,551600,330100,masters,education,6,good,no,1
60,1981700,1367800,masters,medical,6,good,no,1
45,375900,197100,phd,business,0,good,no,1
42,669600,355200,high_school,education,6,basic,no,1
22,1020800,677100,phd,travel,4,basic,yes,0
46,869300,241300,masters,travel,1,basic,no,1
68,769600,492100,bachelors,education,2,basic,no,0
57,473000,123500,bachelors,travel,3,good,yes,0
74,966900,670700,bachelors,travel,8,basic,no,1
25,1005700,444200,masters,business,5,good,no,1
18,1626900,1268500,masters,travel,1,basic,no,1
52,1295900,280300,high_school,medical,3,good,no,1
29,811200,401900,bachelors,business,0,fluent,yes,0
55,344500,94900,high_school,travel,1,basic,no,0
74,404600,324300,bachelors,business,5,good,no,1
39,1925100,469600,bachelors,education,3,fluent,yes,0
52,1794400,922100,bachelors,travel,5,basic,no,1
60,880300,201500,high_school,travel,2,fluent,no,1
27,558400,417800,high_school,business,1,fluent,no,1
74,1184500,428200,bachelors,travel,4,good,no,1
30,1550300,923300,bachelors,medical,0,fluent,no,1
68,769300,213600,phd,travel,9,good,no,1
59,988700,409000,masters,travel,8,good,no,1
26,529300,124500,masters,education,7,basic,no,1
63,704700,396800,bachelors,travel,7,basic,no,1
30,1263400,192800,high_school,travel,2,basic,no,0
55,1760300,1575100,masters,travel,2,good,no,1
78,814800,376600,bachelors,business,6,fluent,no,1
78,122900,76500,high_school,education,0,good,no,0
72,527400,192500,bachelors,medical,6,good,no,1
49,1029000,349800,masters,medical,0,basic,no,0
53,671800,527100,bachelors,medical,6,basic,no,1
36,550200,395400,high_school,travel,2,basic,no,0
76,864500,546800,bachelors,business,6,fluent,no,1
48,402900,287800,high_school,travel,2,good,no,1
66,753400,212100,bachelors,medical,3,good,no,1
40,895900,762000,masters,education,7,basic,no,1
64,734100,360500,phd,travel,1,good,no,1
32,2088500,1674000,bachelors,education,0,fluent,no,1
64,415800,291900,high_school,education,0,basic,no,0
20,219000,79800,bachelors,medical,3,good,no,0
24,2017300,1164000,bachelors,education,3,basic,no,1
40,610700,534400,masters,travel,3,basic,no,1
48,1595600,283700,masters,business,0,good,no,1
62,520200,244400,bachelors,travel,0,basic,no,0
40,1330300,818700,masters,travel,7,good,yes,0
19,736700,298300,bachelors,medical,4,fluent,no,1
38,1311500,509400,bachelors,travel,0,basic,no,1
45,960900,683700,phd,travel,0,basic,no,1
52,376800,315500,high_school,travel,0,fluent,no,0
58,871400,482100,bachelors,travel,5,good,no,1
33,788100,678700,masters,travel,4,fluent,no,1
56,261800,59200,bachelors,business,3,good,no,1
57,543400,174200,bachelors,medical,3,good,no,1
66,2617700,564900,high_school,travel,6,fluent,no,1
50,277800,132400,bachelors,travel,1,basic,no,0
69,863800,535600,bachelors,business,1,fluent,no,1
31,661900,198800,bachelors,travel,1,good,no,1
62,2077100,1010300,bachelors,education,9,fluent,no,1
20,410600,272300,bachelors,medical,2,basic,no,0
24,799900,503600,bachelors,business,2,good,no,1
72,1418600,882300,masters,medical,5,basic,no,1
47,685500,414400,bachelors,education,0,fluent,no,1
57,496000,441400,bachelors,business,1,basic,no,1
56,960900,658600,masters,business,3,basic,no,1
61,455800,378700,high_school,business,9,fluent,no,1
33,637100,550300,bachelors,medical,0,basic,no,0
29,901600,716600,high_school,business,2,fluent,no,1
20,944200,209000,bachelors,travel,7,basic,yes,0
72,1463900,800700,phd,education,4,good,no,1
32,907200,395700,bachelors,medical,3,basic,no,1
54,1649100,367400,masters,education,0,good,no,1
46,1107200,634600,high_school,education,0,good,no,1
28,646100,200000,bachelors,business,1,good,no,1
44,1187300,696100,bachelors,medical,0,basic,no,0
23,264900,202100,high_school,business,5,basic,no,0
29,219100,97600,bachelors,business,4,fluent,no,1
26,2655900,2290400,masters,medical,6,basic,no,1
69,629800,456500,bachelors,business,0,good,no,1
53,1117500,841700,masters,business,1,good,no,1
76,550900,129000,phd,travel,5,good,no,1
45,376000,322000,bachelors,travel,0,good,no,1
30,730200,128400,phd,business,0,good,no,1
56,769600,602500,high_school,travel,1,fluent,no,1
76,569400,98100,bachelors,education,0,fluent,no,0
51,628900,171000,bachelors,education,0,fluent,yes,0
19,502300,194100,bachelors,business,1,fluent,no,1
37,1436400,1010200,bachelors,travel,6,basic,no,1
76,1219800,1005800,bachelors,education,0,fluent,no,1
50,745300,484400,masters,business,2,fluent,no,1
77,1102100,766900,bachelors,business,2,fluent,no,1
50,849900,312200,masters,business,2,good,no,1
18,628300,553900,bachelors,travel,2,basic,no,0
73,736100,335500,bachelors,business,0,fluent,yes,0
66,1077600,899500,bachelors,education,0,good,no,1
63,463100,340100,bachelors,medical,2,good,no,0
79,997300,424300,bachelors,business,8,good,no,1
30,3842300,1565200,masters,travel,1,good,no,1
75,836700,551900,bachelors,business,2,good,no,1
32,551100,471400,high_school,business,9,good,no,1
79,928700,607600,masters,education,5,basic,no,1
30,1265300,1003500,masters,travel,5,fluent,no,1
52,445700,389900,phd,medical,2,good,no,1
67,1928100,766400,bachelors,travel,7,fluent,no,1
22,1668500,924100,masters,business,3,fluent,no,1
22,530700,322000,bachelors,travel,3,fluent,no,1
71,989700,309700,masters,business,5,fluent,no,1
21,556800,416600,bachelors,medical,1,fluent,no,0
56,637000,220600,high_school,education,8,fluent,no,1
77,1117800,760300,phd,travel,9,good,no,1
56,1103000,598800,masters,travel,3,basic,no,1
48,429700,334100,bachelors,education,0,fluent,no,1
44,580500,309800,bachelors,education,5,basic,no,1
58,1826900,1077900,masters,business,1,basic,no,1
54,402900,115200,high_school,business,3,fluent,no,1
49,176800,133700,bachelors,business,0,fluent,no,1
27,497400,224600,high_school,travel,5,basic,yes,0
59,2035600,1190400,high_school,travel,8,basic,no,1
64,861900,676200,high_school,business,0,fluent,no,1
62,705400,359400,masters,travel,4,basic,no,1
22,525500,187000,high_school,travel,6,basic,no,0
62,1413700,493500,masters,business,0,fluent,no,1
63,411400,236400,phd,medical,0,fluent,no,0
29,337400,124300,high_school,travel,1,good,no,0
71,1210900,489100,masters,travel,6,good,no,1
51,1818300,593000,bachelors,travel,2,basic,no,1
47,848700,411400,phd,travel,0,basic,no,1
63,1791100,894800,bachelors,medical,0,good,no,0
50,499600,272000,bachelors,travel,2,fluent,yes,0
52,117500,69900,bachelors,travel,0,basic,no,0
37,1627000,961400,phd,medical,3,basic,no,1
76,727400,309500,high_school,education,0,good,no,0
79,1458200,1203800,masters,education,5,basic,no,1
26,792900,423200,high_school,business,4,good,no,1
64,840700,650800,bachelors,business,6,basic,no,1
19,656100,372700,bachelors,education,0,fluent,no,0
41,478600,204800,high_school,travel,3,basic,no,0
79,419500,295300,high_school,education,5,fluent,no,0
29,607000,171600,bachelors,education,2,good,no,1
41,359200,315100,masters,business,0,fluent,yes,0
31,498800,288900,masters,business,0,fluent,no,1
63,493900,112700,high_school,travel,3,good,no,0
47,220600,102800,bachelors,business,2,basic,no,1
55,179100,122600,high_school,education,7,fluent,no,1
77,809300,162700,masters,education,6,basic,no,1
50,906400,313600,masters,travel,4,basic,no,1
64,818700,690400,masters,education,9,basic,no,1
24,262700,109600,masters,travel,4,fluent,no,1
31,1776700,478600,bachelors,education,0,basic,no,1
77,343400,76800,bachelors,business,0,good,no,0
72,620200,381000,masters,education,5,good,no,1
59,270000,153500,high_school,education,1,fluent,no,0
41,1104000,701900,high_school,business,7,good,no,1
30,953800,828400,bachelors,travel,0,fluent,no,1
71,749800,146300,masters,medical,0,good,no,0
67,721300,215100,masters,business,5,good,no,1
33,1192900,388100,phd,education,6,good,no,1
55,381100,179200,bachelors,medical,6,fluent,no,1
56,932700,224600,bachelors,medical,0,good,no,0
48,559500,255900,bachelors,travel,1,good,no,1
76,1294400,986500,masters,travel,3,basic,no,1
25,705800,192500,high_school,medical,7,basic,no,1
34,779700,652900,phd,travel,0,basic,yes,0
23,244600,203900,bachelors,business,3,basic,no,0
61,849200,454100,masters,business,0,basic,no,1
58,438300,348500,masters,education,4,basic,no,1
80,789900,540000,bachelors,travel,0,fluent,no,0
52,844600,352700,masters,business,10,fluent,no,1
27,547500,312800,bachelors,travel,0,fluent,no,1
46,477000,113300,masters,education,4,good,no,1
23,1868300,974900,masters,travel,5,good,no,1
60,589500,455400,bachelors,medical,0,basic,no,0
60,1971600,1161100,high_school,education,0,fluent,no,1
72,1101700,480900,phd,medical,3,basic,no,1
39,1311300,849300,phd,medical,3,good,yes,0
37,773000,682300,bachelors,business,4,fluent,no,1
22,1304100,261600,phd,education,3,fluent,no,1
44,1379800,548800,bachelors,business,0,good,no,1
47,1388600,370700,bachelors,medical,7,good,no,1
65,286300,248400,bachelors,business,0,basic,no,1
65,865000,483900,high_school,education,2,basic,no,0
26,994400,245900,bachelors,education,7,basic,no,1
35,992000,604300,masters,business,7,good,no,1
50,1386000,728100,high_school,education,0,fluent,no,1
39,1983700,385800,bachelors,business,0,good,no,1
19,1599700,1277200,masters,travel,3,basic,no,1
71,721300,491900,masters,travel,1,fluent,no,1
64,560900,86300,phd,travel,4,good,no,1
50,1145500,996300,bachelors,travel,2,good,no,1
38,2054500,553600,masters,medical,0,good,no,1
71,177100,26600,high_school,travel,1,good,no,0
20,982100,462000,high_school,travel,4,good,no,1
46,845400,216100,masters,medical,5,good,no,1
68,279700,161600,bachelors,education,1,fluent,no,0
78,1259200,483000,masters,business,0,good,no,1
33,1247500,360400,bachelors,medical,1,good,no,1
59,445400,396000,high_school,business,3,basic,no,1
29,422900,169000,bachelors,travel,5,fluent,no,1
25,1385600,638800,high_school,travel,6,basic,no,1
40,523700,194100,bachelors,education,8,good,no,1
73,1022400,795200,high_school,business,2,fluent,no,1
61,329200,98000,bachelors,business,7,fluent,no,1
48,1222700,300500,masters,education,0,basic,no,1
35,668700,542400,high_school,business,2,good,no,1
26,1223000,351600,bachelors,travel,2,good,no,1
35,1719600,1364400,bachelors,education,5,fluent,no,1
27,483600,282200,bachelors,education,5,good,no,1
29,1007400,773200,bachelors,business,0,good,no,1
61,458700,92900,masters,travel,7,good,no,1
26,455900,397900,masters,medical,7,good,no,1
20,393100,147300,high_school,travel,8,basic,no,0
52,1218200,236300,masters,business,2,fluent,no,1
36,1359000,983500,high_school,business,9,basic,no,1
46,2103000,596900,bachelors,travel,5,fluent,no,1
26,622400,257300,bachelors,medical,3,good,no,1
31,639200,381000,high_school,travel,1,basic,no,0
45,907700,182900,high_school,business,6,fluent,no,1
61,823200,248200,high_school,travel,5,fluent,no,1
44,492300,254400,high_school,business,3,fluent,no,1
52,788800,367900,bachelors,business,10,fluent,no,1
50,508600,289000,high_school,medical,0,basic,no,0
34,867300,604100,masters,education,3,basic,no,1
35,806100,334300,masters,business,1,fluent,no,1
44,708300,321100,bachelors,travel,2,basic,no,1
20,432300,153200,high_school,business,1,good,no,0
61,405100,164000,bachelors,business,1,good,no,1
56,1563100,294300,masters,travel,1,basic,no,1
37,1004900,588000,bachelors,travel,0,fluent,no,1
41,1516800,424100,high_school,education,0,fluent,no,1
38,1324300,910100,phd,medical,4,fluent,no,1
59,601500,109300,bachelors,business,1,basic,no,1
65,536000,104500,bachelors,medical,0,good,no,0
24,998300,362900,masters,travel,0,fluent,no,1
44,1464800,701400,phd,business,0,good,no,1
18,661200,443100,bachelors,education,0,fluent,no,0
46,337000,225500,bachelors,business,8,fluent,yes,0
33,503800,443400,bachelors,travel,2,basic,no,1
39,545700,225800,high_school,education,1,good,no,0
46,1136700,221100,bachelors,business,2,fluent,no,1
38,238700,190000,high_school,medical,0,basic,no,0
42,875300,610900,bachelors,business,4,fluent,no,1
66,1098400,220900,masters,education,8,good,no,1
69,843000,179100,phd,business,0,basic,no,1
18,704300,357400,masters,business,0,fluent,no,1
41,360400,146400,high_school,travel,3,good,no,1
71,583900,348800,high_school,medical,0,basic,yes,0
51,1405900,442000,bachelors,business,0,fluent,no,1
30,1461900,1271100,bachelors,medical,4,good,no,1
55,291200,155500,high_school,business,3,fluent,no,1
27,877600,625800,masters,travel,0,fluent,no,1
19,226400,55300,bachelors,travel,6,good,no,1
57,573800,351600,high_school,business,0,good,no,1
50,1050900,839500,bachelors,medical,1,basic,no,0
65,2564200,428800,phd,travel,4,basic,no,1
39,364100,202100,masters,education,3,good,no,1
71,297000,99500,high_school,travel,3,good,no,0
44,818900,416600,bachelors,travel,4,good,yes,0
64,443800,338200,phd,travel,3,good,no,1
24,594000,396500,high_school,medical,6,good,no,1
24,1065700,762900,bachelors,education,2,fluent,no,1
67,480700,148400,masters,travel,1,fluent,no,1
70,1046200,810200,masters,travel,5,basic,no,1
77,277400,169400,high_school,travel,0,fluent,no,0
38,2302800,465100,phd,travel,5,fluent,no,1
19,847600,675600,bachelors,travel,0,basic,no,0
79,380000,72900,high_school,travel,2,basic,no,0
55,273500,46900,high_school,education,4,good,no,1
33,937100,726500,bachelors,medical,3,good,no,1
66,1140400,182200,high_school,medical,0,good,no,0
74,636300,137600,masters,education,1,good,no,0
35,763700,124300,masters,travel,5,fluent,yes,0
66,357300,289500,high_school,education,10,good,no,1
67,2288300,420000,masters,business,2,good,no,1
49,378300,162500,phd,travel,0,fluent,no,1
57,1095900,342700,high_school,business,1,fluent,no,1
34,790400,321100,masters,business,2,fluent,no,1
76,1039000,382300,phd,medical,0,basic,no,0
79,806500,658000,masters,medical,6,basic,no,1
79,863100,627100,bachelors,travel,2,basic,no,0
64,651100,529800,masters,business,1,good,no,1
20,1740900,1201300,masters,education,1,good,no,1
41,1384600,550700,bachelors,travel,0,fluent,no,1
46,314600,91000,high_school,education,2,fluent,no,1
78,1092100,597700,bachelors,medical,2,good,no,0
52,621800,259600,bachelors,travel,1,basic,no,0
51,778300,492300,bachelors,business,3,good,no,1
27,1250200,224000,high_school,business,1,good,no,1
68,671400,459700,masters,business,3,fluent,no,1
39,1619100,606600,masters,travel,7,basic,no,1
23,972800,483200,bachelors,business,1,fluent,no,1
80,485700,429300,high_school,business,1,basic,no,0
29,661400,206100,high_school,business,6,good,no,1
19,619500,147600,high_school,business,1,fluent,no,1
22,400100,123000,bachelors,education,1,basic,no,0
46,387000,160100,high_school,business,5,basic,no,1
24,608200,335800,phd,medical,3,good,no,1
71,649700,575100,bachelors,business,8,good,no,1
50,1132300,908600,high_school,business,2,basic,no,1
38,1338900,918800,masters,business,2,basic,no,1
18,344100,237600,bachelors,education,0,basic,no,0
48,650900,236200,bachelors,business,0,fluent,no,1
27,614500,519900,high_school,travel,2,basic,no,0
79,1464500,812300,masters,business,0,fluent,no,1
36,528900,143800,bachelors,medical,2,fluent,no,1
47,492500,424900,masters,business,0,basic,no,1
19,733400,388600,bachelors,travel,0,basic,no,0
26,1330100,354700,masters,medical,2,basic,no,1
31,860800,603800,bachelors,business,3,good,no,1
21,597900,194500,masters,business,1,good,no,1
63,2553100,742300,masters,education,5,fluent,no,1
77,716500,251300,bachelors,business,0,good,no,1
80,1082000,631600,masters,business,0,good,no,1
34,675800,249700,masters,travel,8,good,no,1
67,993100,179400,high_school,business,7,fluent,no,1
49,1332100,587000,masters,medical,1,basic,no,1
20,899400,293000,bachelors,travel,1,basic,no,0
23,401500,214200,bachelors,travel,6,fluent,no,1
52,986300,487900,high_school,business,2,good,no,1
44,819400,170900,high_school,education,0,fluent,no,1
18,944300,315400,high_school,education,0,fluent,no,0
76,551500,199200,high_school,business,0,fluent,yes,0
64,518600,266300,high_school,medical,5,basic,no,0
49,488900,374800,high_school,travel,3,basic,no,0
80,2649600,831800,bachelors,education,0,good,no,0
79,561400,150800,bachelors,business,0,fluent,no,1
79,562800,84900,phd,business,0,fluent,no,1
34,792100,479100,masters,education,4,fluent,no,1
73,403000,158900,high_school,education,7,fluent,no,1
49,1512700,987200,bachelors,travel,2,fluent,no,1
63,358900,239600,bachelors,business,5,fluent,no,1
72,555600,102000,bachelors,education,0,basic,no,0
28,840100,389600,bachelors,business,3,good,no,1
46,1953900,1711600,masters,travel,1,good,no,1
26,1119800,399000,bachelors,travel,0,good,no,1
35,1843000,1008400,bachelors,business,2,good,no,1
44,1176400,651000,masters,business,6,fluent,no,1
71,676400,233600,bachelors,business,0,good,no,1
72,1557100,1143600,masters,medical,2,basic,no,1
42,509500,77800,phd,travel,6,fluent,no,1
38,295400,94600,bachelors,education,5,good,no,1
51,1664000,989100,masters,medical,2,good,no,1
75,1092100,915100,masters,education,0,good,no,1
79,1285500,202000,bachelors,travel,6,good,no,1
32,338100,203100,high_school,travel,0,basic,no,0
29,1971700,300700,masters,travel,0,good,no,1
62,1093800,675000,bachelors,travel,0,basic,no,0
36,531200,243700,high_school,medical,2,good,no,0
30,847900,403500,bachelors,education,3,basic,no,1
19,915600,801700,bachelors,travel,6,fluent,no,1
43,337300,223200,high_school,travel,2,fluent,no,1
42,874500,260000,phd,medical,9,good,no,1
53,648300,582200,high_school,business,3,good,yes,0
30,598800,205100,bachelors,education,3,good,no,1
63,433500,288000,masters,business,0,fluent,no,1
60,635500,419600,high_school,education,0,fluent,no,1
47,1540500,1212800,masters,education,3,fluent,no,1
29,1361600,611600,bachelors,travel,4,fluent,no,1
49,1013800,681200,bachelors,business,0,good,no,1
60,1186500,735000,bachelors,education,2,fluent,no,1
41,1860400,888000,phd,travel,1,good,no,1
34,1129100,945000,phd,travel,1,good,no,1
49,168500,57100,high_school,travel,0,good,no,0
40,1431700,455600,bachelors,travel,0,fluent,no,1
43,462800,288200,bachelors,education,1,basic,no,1
39,580200,169800,phd,business,6,good,no,1
37,530100,409500,masters,travel,5,basic,no,1
63,2966800,1200800,bachelors,medical,0,fluent,yes,0
46,1239300,577300,masters,business,0,fluent,no,1
47,426600,282300,bachelors,travel,2,good,no,1
59,519500,422800,bachelors,education,0,good,no,1
40,756200,504700,bachelors,medical,6,good,no,1
24,1019500,225000,bachelors,travel,2,fluent,no,1
71,882100,356000,bachelors,education,6,fluent,no,1
21,453900,323400,bachelors,business,0,fluent,no,1
54,1158000,962100,masters,travel,9,fluent,no,1
34,772200,482900,phd,medical,5,basic,no,1
31,1345500,803400,bachelors,medical,4,basic,no,1
20,780300,339000,bachelors,travel,8,good,no,1
74,640600,325800,masters,travel,2,good,no,1
45,789300,374300,high_school,travel,0,basic,no,0
39,1200900,229800,masters,business,2,fluent,no,1
64,582600,96900,bachelors,medical,5,basic,no,1
20,807400,495000,high_school,education,6,good,no,1
53,1374800,731900,masters,travel,2,basic,no,1
49,1465200,488900,bachelors,business,4,fluent,no,1
52,798600,654500,high_school,travel,0,good,no,1
25,480400,146500,high_school,business,0,fluent,no,1
78,383800,259200,masters,education,3,fluent,no,1
33,1197600,887700,phd,travel,1,fluent,no,1
60,913000,712300,bachelors,business,0,good,no,1
65,555800,433300,high_school,travel,5,fluent,no,1
39,103200,76900,high_school,medical,2,basic,no,0
26,1412900,697100,masters,business,2,fluent,no,1
36,458100,283100,bachelors,travel,0,basic,no,0
68,1103100,875100,bachelors,travel,0,good,no,1
75,1927700,896800,bachelors,business,4,fluent,no,1
77,658300,430000,bachelors,travel,6,basic,no,0
32,962800,259600,bachelors,travel,0,good,no,1
56,770300,441800,bachelors,business,5,fluent,no,1
27,721500,184500,high_school,business,5,fluent,no,1
62,800800,516700,bachelors,medical,5,basic,no,1
44,569300,246300,bachelors,travel,3,basic,no,1
62,459900,147600,bachelors,travel,1,good,no,0
61,1296000,545000,high_school,travel,5,fluent,no,1
80,687800,465000,high_school,education,2,fluent,no,0
48,1194500,992700,bachelors,education,0,good,no,1
39,942200,149300,bachelors,education,1,fluent,no,1
51,1293900,357000,bachelors,travel,2,good,no,1
28,462200,314000,bachelors,travel,2,fluent,no,1
25,565700,326200,high_school,travel,7,basic,no,1
50,1284400,500100,masters,travel,1,good,no,1
70,1540200,983900,bachelors,travel,0,good,yes,0
51,2350600,1881400,high_school,business,8,good,no,1
67,1217000,418000,masters,travel,0,basic,no,0
29,525900,270400,bachelors,travel,0,basic,no,0
46,559900,92700,phd,business,6,good,no,1
56,328500,282300,high_school,business,8,fluent,no,1
39,635400,477300,masters,education,4,fluent,no,1
18,197200,104300,masters,travel,1,basic,no,0
22,372600,333100,high_school,education,2,fluent,no,0
76,1122100,353600,bachelors,travel,6,good,no,1
56,1013800,717700,masters,medical,7,fluent,no,1
34,656200,477100,bachelors,education,0,basic,no,0
34,310000,239700,bachelors,business,6,fluent,no,1
20,1925800,1278400,phd,medical,3,fluent,no,1
77,1288900,377600,masters,business,0,fluent,no,1
24,1073100,234500,phd,travel,0,fluent,no,1
65,289600,82600,masters,education,0,good,no,0
33,742600,589400,masters,travel,8,good,no,1
39,1234700,557500,masters,travel,1,good,no,1
35,744700,416800,bachelors,travel,4,good,no,1
69,1081000,182700,masters,business,0,fluent,no,1
20,1102900,571900,bachelors,business,5,good,no,1
40,588400,268900,high_school,business,2,good,no,1
35,1081400,595800,bachelors,business,7,fluent,no,1
35,339800,146600,high_school,travel,2,basic,no,0
30,551600,114000,phd,travel,5,basic,no,1
75,983600,180000,bachelors,travel,3,basic,no,0
41,1101100,949500,bachelors,education,2,fluent,no,1
44,718900,433400,high_school,business,8,fluent,no,1
42,813300,514500,bachelors,business,2,basic,no,1
79,633000,529500,bachelors,education,7,good,no,1
39,1092300,615100,masters,medical,0,good,no,1
39,932000,570100,bachelors,travel,3,good,no,1
38,963300,522400,bachelors,business,7,fluent,no,1
38,3173700,894900,bachelors,education,7,fluent,no,1
23,455900,174900,bachelors,medical,2,basic,no,0
56,4460500,3627500,bachelors,travel,2,basic,no,1
19,487300,235300,masters,business,5,fluent,no,1
32,1202500,364500,masters,business,1,good,yes,0
30,504100,388700,masters,travel,8,good,no,1
36,895300,192900,bachelors,medical,0,basic,no,0
65,927400,583900,high_school,education,0,basic,no,0
55,1100300,742800,phd,travel,5,fluent,no,1
80,1845600,697300,phd,travel,1,basic,no,0
40,428000,117800,high_school,education,1,good,yes,0
76,315000,153200,masters,travel,1,fluent,no,0
20,1067900,764900,bachelors,education,9,basic,yes,0
49,549500,447900,high_school,travel,3,basic,no,1
68,830100,632100,phd,travel,10,good,no,1
51,862300,200200,phd,travel,1,good,no,1
76,1351600,428600,phd,travel,1,basic,no,0
37,345200,211500,high_school,medical,0,good,no,0
20,929900,634600,bachelors,travel,1,basic,no,0
66,1870200,292800,masters,travel,0,basic,no,1
22,3020200,776000,masters,travel,0,basic,no,1
66,1638000,361200,bachelors,travel,2,basic,no,1
64,826900,335600,bachelors,travel,4,good,no,1
71,622600,411300,high_school,education,1,fluent,yes,0
48,607000,520400,bachelors,travel,2,basic,no,1
74,752900,163500,masters,travel,1,good,no,0
28,872900,462300,high_school,travel,2,good,no,1
45,456300,195900,high_school,business,5,fluent,no,1
25,925300,415200,bachelors,education,5,good,no,1
66,445600,89600,bachelors,travel,6,basic,no,1
62,1607400,588700,bachelors,travel,0,good,no,1
68,452500,153600,high_school,education,2,good,no,0
66,1769400,1218600,masters,education,6,fluent,yes,0
37,366900,231700,high_school,education,8,basic,no,1
22,499000,313000,bachelors,travel,2,good,no,0
76,1570500,847200,bachelors,travel,2,good,no,1
49,536100,218000,bachelors,education,5,fluent,no,1
23,319400,106300,bachelors,travel,10,basic,no,1
76,549000,87000,masters,travel,1,good,no,0
80,1211900,316200,bachelors,travel,0,good,no,0
46,1149500,362000,bachelors,education,6,good,no,1
66,497400,438500,bachelors,business,4,good,no,1
20,534500,469200,bachelors,travel,0,basic,no,0
23,1095400,795000,bachelors,business,1,good,no,1
35,1560100,948100,bachelors,travel,2,fluent,no,1
59,728400,474600,bachelors,education,4,good,yes,0
26,732900,440000,high_school,travel,5,good,no,1
20,1572500,998700,masters,travel,0,good,yes,0
60,1765900,555200,high_school,medical,0,good,yes,0
66,572300,505100,phd,education,4,fluent,no,1
64,523700,375700,bachelors,travel,0,good,no,0
68,409000,133200,high_school,medical,2,good,no,0
68,1533300,820700,masters,travel,2,basic,no,1
55,658600,488600,bachelors,education,1,fluent,no,1
50,1283200,1069400,phd,business,5,fluent,no,1
71,1155600,506000,phd,business,0,good,no,1
39,973600,499300,masters,travel,5,fluent,no,1
24,802500,306900,bachelors,business,3,fluent,no,1
65,1904200,823400,phd,travel,2,good,no,1
35,443600,142300,bachelors,business,6,fluent,no,1
79,896400,154600,masters,travel,0,good,no,0
44,277000,128000,high_school,business,5,good,no,1
71,1224100,615600,phd,business,0,basic,no,1
20,873500,642000,masters,medical,10,good,no,1
59,1362100,738200,bachelors,education,0,fluent,no,1
46,1077900,425600,phd,medical,2,basic,no,1
47,762000,379000,masters,travel,0,fluent,no,1
34,943600,705000,phd,business,1,fluent,no,1
79,1394300,712100,high_school,travel,0,good,no,0
42,319000,180700,bachelors,travel,0,basic,yes,0
71,688800,192700,masters,business,0,good,no,1
44,551200,85800,high_school,medical,0,basic,no,0
21,685400,580700,masters,travel,4,basic,no,1
73,1274000,447100,masters,education,2,basic,no,1
29,733400,301200,bachelors,travel,0,basic,no,0
35,1119700,264400,masters,travel,8,basic,no,1
72,576500,308300,high_school,business,3,fluent,no,1
74,919100,646000,masters,medical,0,good,no,0
75,478200,317800,masters,travel,1,basic,no,0
44,833400,659800,bachelors,business,2,fluent,no,1
65,286800,104700,bachelors,business,2,fluent,no,1
38,522800,201800,bachelors,travel,6,fluent,no,1
64,990100,865500,bachelors,medical,3,good,no,1
49,1871200,921500,masters,medical,9,basic,no,1
21,2754200,2136900,bachelors,education,4,fluent,no,1
44,597800,363800,bachelors,medical,9,fluent,yes,0
47,470100,134300,bachelors,education,2,good,no,1
34,1296300,1125300,masters,travel,4,good,no,1
41,2720300,1070000,masters,travel,4,good,no,1
49,1255500,792700,high_school,business,5,good,no,1
21,428100,145900,bachelors,business,0,fluent,no,1
27,500200,291000,high_school,travel,0,good,no,0
66,862600,479500,high_school,business,0,good,no,1
40,1254600,433800,bachelors,medical,0,basic,no,0
56,1346900,1200900,masters,medical,7,basic,no,1
53,591100,151000,bachelors,travel,4,basic,no,1
52,744600,359100,high_school,education,0,good,no,0
44,1261300,218900,bachelors,travel,1,fluent,no,1
48,582600,385700,masters,business,0,good,no,1
69,1572400,780800,bachelors,travel,6,basic,no,1
78,932500,531600,high_school,business,7,good,no,1
34,646700,435800,masters,travel,0,good,no,1
60,898700,649800,high_school,business,1,fluent,no,1
79,1521200,1330100,masters,business,8,fluent,no,1
18,1553300,1239500,masters,business,3,fluent,no,1
67,2314200,909100,masters,medical,6,fluent,no,1
49,537300,373700,high_school,business,1,fluent,no,1
78,648400,134200,high_school,travel,0,fluent,no,0
54,227900,57500,masters,travel,4,good,no,1
70,1397500,691400,bachelors,travel,0,good,no,0
28,1325400,655700,bachelors,travel,6,good,no,1
26,1594900,844200,bachelors,business,5,fluent,no,1
76,322800,163500,high_school,travel,1,basic,no,0
51,1284100,810300,bachelors,travel,2,basic,yes,0
53,1892600,1638500,phd,education,5,basic,no,1
28,680000,190100,masters,travel,8,good,no,1
32,1352200,565400,bachelors,travel,1,good,no,1
69,1394200,286800,phd,travel,5,basic,no,1
37,382300,114700,masters,business,0,fluent,no,1
54,745200,663600,high_school,travel,7,good,no,1
37,637800,114600,masters,business,4,fluent,no,1
34,215000,66700,high_school,travel,0,basic,no,0
28,925500,434900,bachelors,education,4,basic,no,1
76,729800,269700,bachelors,business,4,fluent,no,1
77,1169500,653700,high_school,business,4,fluent,no,1
25,597200,533200,high_school,education,1,fluent,no,1
40,1160800,787000,bachelors,travel,4,good,no,1
53,1000800,454800,bachelors,education,6,fluent,no,1
42,1326400,878300,bachelors,medical,1,basic,no,1
63,464600,373600,bachelors,medical,0,basic,no,0
34,1084900,349100,masters,travel,7,fluent,no,1
21,900200,619100,masters,business,3,basic,no,1
39,774200,472600,high_school,travel,2,fluent,no,1
55,1119600,784100,masters,travel,6,basic,no,1
29,385500,82200,high_school,travel,0,good,no,0
69,628200,439600,bachelors,travel,5,basic,no,1
18,1873200,1388100,bachelors,business,2,fluent,no,1
22,212800,141600,high_school,business,0,fluent,no,1
50,798200,237800,high_school,business,9,basic,no,1
50,1925300,521800,masters,business,5,good,no,1
36,1337300,941200,masters,medical,0,basic,no,0
34,3195300,2031500,phd,business,7,good,no,1
22,1810900,1607600,phd,travel,8,good,yes,0
59,934500,458900,bachelors,medical,5,fluent,no,1
41,418000,134600,high_school,travel,0,basic,no,0
25,674300,490400,high_school,travel,0,good,no,0
43,1100600,783000,bachelors,education,5,good,no,1
77,974500,528200,masters,travel,7,basic,no,1
34,502800,356800,bachelors,travel,0,basic,yes,0
74,278600,106700,high_school,education,2,fluent,no,0
34,837700,261200,bachelors,education,0,good,no,1
29,430900,105400,masters,education,2,fluent,no,1
34,583700,214700,bachelors,medical,3,good,no,1
38,255300,163600,masters,travel,0,good,no,1
25,1196200,411300,bachelors,education,3,fluent,no,1
55,1427200,1159700,bachelors,travel,3,fluent,no,1
39,790100,266500,bachelors,education,2,fluent,no,1
63,2663300,1766700,masters,education,7,good,no,1
48,2040800,1113600,masters,education,0,fluent,no,1
45,985000,304000,bachelors,medical,0,fluent,no,0
47,710800,403100,bachelors,travel,2,fluent,no,1
27,445900,386200,high_school,education,2,fluent,no,1
62,736300,631800,high_school,business,0,fluent,no,1
24,500000,184300,high_school,travel,8,good,no,1
63,730500,403500,high_school,education,0,fluent,no,0
80,1369700,360400,masters,education,0,fluent,no,0
66,857300,430200,masters,travel,5,good,no,1
46,1777100,695100,masters,travel,7,fluent,no,1
37,857800,726700,masters,travel,2,basic,no,1
72,1093500,682900,phd,business,0,good,no,1
34,631300,182300,phd,business,1,good,no,1
48,651900,583000,bachelors,medical,0,good,no,0
66,1770900,1187600,high_school,travel,2,good,no,1
76,329300,82700,high_school,medical,4,fluent,no,0
76,1237400,927600,masters,business,1,fluent,no,1
23,420800,239100,high_school,education,2,good,no,0
74,223900,100800,bachelors,travel,5,basic,no,0
25,1028800,305800,bachelors,education,0,good,no,1
54,557200,199700,bachelors,travel,0,fluent,no,1
76,901600,248300,bachelors,education,5,good,no,1
59,1676400,1261500,masters,medical,0,fluent,no,1
77,860700,305300,bachelors,travel,0,fluent,no,0
39,1165100,585400,masters,business,0,good,no,1
37,335300,293700,high_school,business,2,fluent,no,1
38,1434800,1285500,masters,education,3,good,no,1
40,681600,506700,bachelors,travel,2,good,yes,0
61,180000,134900,high_school,travel,1,basic,no,0
46,1703400,1462600,phd,travel,2,basic,no,1
64,2015300,1506700,phd,travel,0,basic,no,1
44,2196600,1072400,masters,education,6,good,no,1
37,3566500,696300,phd,education,9,basic,no,1
29,1157700,354600,bachelors,education,2,good,no,1
52,716900,346600,high_school,education,1,good,no,1
74,985000,343800,high_school,medical,5,good,no,0
72,597200,237000,masters,travel,0,fluent,no,1
33,387800,75300,masters,medical,1,good,yes,0
48,831300,468900,phd,business,8,basic,no,1
62,1963600,812300,masters,travel,0,fluent,no,1
56,525900,181000,bachelors,education,0,fluent,no,1
22,698100,424300,high_school,travel,2,good,no,0
55,740700,264900,high_school,business,3,fluent,yes,0
20,865300,438900,bachelors,travel,3,basic,no,0
25,481700,161300,masters,travel,0,fluent,no,1
59,652400,430800,high_school,medical,4,basic,no,0
24,857100,677600,phd,travel,0,good,no,1
39,2481500,524300,masters,business,8,good,no,1
55,1413700,1081300,bachelors,travel,0,fluent,no,1
59,786500,620400,masters,travel,0,basic,no,1
46,1997900,1745600,bachelors,business,2,good,no,1
23,1175100,905900,masters,travel,0,basic,no,1
68,301700,170200,bachelors,travel,3,good,no,0
77,724600,146900,bachelors,business,0,good,no,1
73,1328300,273400,high_school,travel,1,good,no,0
65,481900,143400,bachelors,travel,0,basic,no,0
43,936800,454700,masters,education,1,fluent,yes,0
73,511600,443300,phd,travel,0,basic,no,0
48,502400,141400,masters,business,1,fluent,no,1
26,341500,189200,high_school,medical,0,basic,no,0
71,550200,494400,phd,travel,5,basic,no,1
38,384600,61700,high_school,business,4,good,no,1
77,1405700,260400,high_school,education,0,basic,no,0
41,953500,336000,masters,business,0,good,yes,0
72,1664700,530800,phd,education,0,good,no,1
51,1969900,1032100,phd,education,0,fluent,no,1
47,528700,246000,masters,medical,2,good,no,1
36,342000,201000,high_school,medical,1,basic,no,0
70,823400,214300,high_school,business,9,good,no,1
21,381200,253300,high_school,education,5,basic,no,0
47,1111500,345700,bachelors,travel,0,basic,no,1
41,1903100,930600,bachelors,travel,0,basic,no,1
52,242700,42500,high_school,travel,0,basic,no,0
34,621700,465300,bachelors,business,0,good,no,1
59,678400,420800,bachelors,business,2,fluent,no,1
42,728200,223300,masters,business,0,fluent,no,1
29,541500,325600,bachelors,business,0,fluent,no,1
30,577100,275700,bachelors,business,0,good,no,1
61,964500,742400,masters,medical,3,fluent,no,1
34,1065000,945500,masters,travel,0,good,no,1
37,1278100,311100,bachelors,education,8,basic,no,1
57,533000,275900,high_school,education,1,fluent,no,1
38,1999000,686700,phd,education,1,basic,no,1
42,702400,500300,masters,travel,2,good,no,1
33,279100,49100,high_school,medical,2,fluent,no,0
39,639800,357300,bachelors,education,1,good,no,1
61,975600,773500,bachelors,education,2,good,yes,0
51,867400,383400,high_school,medical,1,basic,no,0
80,1206400,939100,high_school,travel,1,basic,no,0
66,1267800,329800,phd,travel,0,fluent,no,1
19,1144700,960100,bachelors,medical,4,basic,no,1
41,1147200,853000,high_school,travel,3,basic,no,1
36,633600,280900,masters,education,3,good,no,1
55,673900,167100,bachelors,business,8,fluent,no,1
34,3472800,1876400,bachelors,business,2,fluent,no,1
78,1211600,791000,bachelors,travel,7,good,yes,0
36,715600,176500,high_school,business,1,fluent,no,1
50,883400,750800,high_school,medical,2,basic,no,0
25,518400,374300,phd,business,3,fluent,no,1
75,530000,457800,bachelors,education,0,basic,no,0
75,557400,208700,masters,business,0,good,yes,0
68,680300,323200,high_school,medical,2,basic,no,0
40,794000,262100,masters,travel,0,fluent,no,1
21,797300,283300,bachelors,business,0,fluent,no,1
62,819700,212300,masters,business,5,fluent,no,1
45,309300,75400,bachelors,travel,2,basic,no,0
80,1230800,803800,bachelors,medical,0,basic,no,0
61,205000,54900,high_school,medical,0,good,no,0
51,362100,90600,high_school,travel,7,basic,no,1
80,471800,259900,masters,travel,8,basic,no,1
68,333100,225800,high_school,business,3,fluent,no,1
46,603800,442900,high_school,travel,0,good,no,0
19,2131700,1247400,phd,travel,1,fluent,no,1
23,320600,96600,bachelors,business,1,good,no,1
45,556800,322900,bachelors,travel,5,basic,no,1
53,371700,230200,masters,medical,2,good,no,1
19,697200,239500,masters,business,5,good,no,1
25,562200,145300,high_school,business,1,fluent,no,1
62,1153600,973900,bachelors,business,6,fluent,yes,0
65,235900,52400,bachelors,business,1,good,no,1
19,1024000,366500,bachelors,business,1,good,no,1
49,569700,184300,masters,travel,2,fluent,no,1
23,553600,453400,phd,business,3,fluent,no,1
63,560800,295200,high_school,education,7,good,no,1
70,762900,661800,high_school,medical,2,good,no,0
72,920400,709800,masters,medical,8,good,no,1
55,414700,297000,bachelors,education,1,basic,no,0
57,920100,260000,masters,business,1,fluent,no,1
76,362600,148000,high_school,business,0,fluent,no,0
56,753300,576400,high_school,business,0,basic,no,1
46,1757200,1559800,masters,medical,6,basic,no,1
65,1885000,1523900,phd,medical,0,good,no,1
55,534500,460400,high_school,travel,1,good,no,0
71,1803500,1138700,masters,travel,0,good,no,1
51,431500,221000,bachelors,travel,4,good,no,1
72,1440600,772200,high_school,business,8,fluent,no,1
20,430100,212400,bachelors,medical,5,good,no,1
20,247700,65900,bachelors,business,1,basic,no,0
24,2061200,781900,masters,travel,2,basic,no,1
53,511900,111500,bachelors,travel,0,good,no,0
62,806700,174600,bachelors,business,7,fluent,no,1
31,306500,117700,high_school,travel,0,good,yes,0
27,3568900,2318300,masters,medical,8,basic,no,1
72,2943600,1796400,phd,business,5,fluent,no,1
65,1771000,1008800,bachelors,travel,4,good,no,1
58,794200,565200,bachelors,travel,5,good,yes,0
48,1853400,865600,phd,business,1,basic,yes,0
44,524800,252700,high_school,business,0,fluent,no,1
19,1803100,971000,masters,business,1,fluent,yes,0
29,603600,120700,bachelors,business,0,fluent,no,1
74,2325300,1363300,masters,travel,4,basic,no,1
39,587100,418400,bachelors,education,2,good,no,1
62,625000,217300,bachelors,education,7,basic,no,1
62,585300,463000,bachelors,medical,6,fluent,no,1
37,600700,210000,high_school,travel,0,basic,no,0
30,436500,233500,high_school,education,0,good,no,0
61,1412900,1138600,phd,education,1,fluent,no,1
23,414800,291900,high_school,business,0,good,no,1
49,834800,485900,high_school,travel,4,good,no,1
73,1743800,1076000,bachelors,travel,4,basic,no,1
62,789500,182900,bachelors,education,4,good,no,1
66,2562700,1728500,bachelors,travel,2,fluent,no,1
23,1004600,611700,high_school,business,6,good,no,1
30,3152800,672800,masters,medical,3,fluent,no,1
35,940500,228800,masters,business,10,basic,no,1
36,216700,190300,high_school,medical,5,basic,no,0
30,659600,187100,masters,education,4,fluent,no,1
79,542600,445900,bachelors,education,0,fluent,no,0
28,447900,159800,bachelors,education,6,good,no,1
62,323000,144400,phd,business,1,fluent,no,1
54,1708900,968300,masters,travel,1,fluent,no,1
56,272000,168500,bachelors,education,2,fluent,yes,0
31,1260900,659900,bachelors,education,1,good,no,1
37,2516900,1035300,bachelors,business,0,good,no,1
56,493100,258400,bachelors,business,0,basic,no,1
36,1203700,813100,masters,travel,5,good,no,1
61,434000,194200,high_school,travel,3,good,no,0
20,1703200,952000,phd,travel,8,basic,no,1
22,504300,219100,masters,education,6,good,no,1
63,502600,199800,high_school,education,1,good,no,0
56,1802100,674200,masters,education,5,good,no,1
20,946900,301100,masters,business,3,good,no,1
74,308900,222600,bachelors,travel,0,good,no,0
18,1497600,1329800,bachelors,travel,9,basic,no,1
78,476900,81900,masters,business,7,fluent,no,1
63,1128600,335200,phd,business,0,fluent,no,1
80,1042300,910100,bachelors,travel,6,basic,no,1
77,1038900,422100,masters,business,0,good,no,1
37,3927000,1734700,masters,travel,7,good,no,1
65,1618100,1047300,phd,business,3,fluent,no,1
31,483500,200400,high_school,business,0,fluent,no,1
47,1053800,547500,bachelors,business,5,fluent,no,1
33,1091700,901200,masters,travel,2,good,no,1
48,553700,317600,high_school,travel,0,basic,no,0
72,865100,562500,bachelors,travel,5,basic,no,1
45,595800,186400,bachelors,business,5,basic,no,1
23,850500,294300,bachelors,medical,2,good,no,0
38,736600,603000,masters,travel,4,good,no,1
67,190400,159600,high_school,education,0,fluent,no,0
50,1821000,1375300,masters,travel,1,basic,no,1
53,554300,133900,bachelors,education,4,good,no,1
45,1051300,803100,masters,medical,0,basic,no,0
36,497900,81900,bachelors,travel,2,good,no,1
55,361600,216000,high_school,education,8,fluent,no,1
57,610300,400600,phd,business,6,basic,no,1
74,1638600,769800,masters,education,2,good,no,1
56,1455400,741400,bachelors,travel,3,good,no,1
80,767400,542100,bachelors,business,7,fluent,no,1
70,563200,462500,bachelors,medical,6,basic,no,1
22,425900,124400,phd,medical,0,fluent,no,0
42,1171700,297500,bachelors,business,2,fluent,no,1
42,744900,463700,phd,medical,0,fluent,no,1
18,409200,132200,bachelors,travel,0,basic,no,0
29,988400,292200,masters,travel,0,good,no,1
66,629500,190500,bachelors,medical,3,basic,no,0
40,234500,69800,high_school,travel,5,fluent,no,1
27,505700,256800,phd,travel,7,good,no,1
36,650200,567800,high_school,education,1,basic,no,0
35,753500,581000,phd,business,1,good,no,1
28,715400,398800,high_school,travel,0,fluent,no,0
24,820000,172900,bachelors,travel,0,fluent,no,1
66,1922800,1258900,phd,education,0,good,no,1
69,615400,300500,masters,business,9,good,no,1
49,614200,450700,high_school,business,0,fluent,no,1
56,1074700,559300,bachelors,education,5,fluent,no,1
75,382900,249300,high_school,business,1,fluent,no,0
71,1808000,542500,masters,travel,2,good,no,1
20,216100,167500,high_school,education,6,good,no,0
78,478500,351500,bachelors,education,8,fluent,no,1
22,211700,91100,high_school,business,0,good,no,0
19,648900,566300,masters,medical,7,basic,no,1
43,992600,268300,phd,education,0,basic,no,1
64,1536600,253600,masters,travel,5,good,no,1
23,694600,501700,bachelors,education,0,fluent,no,1
36,389500,233900,high_school,education,2,basic,no,0
34,230500,53800,high_school,travel,4,good,no,0
43,498800,134500,masters,travel,6,basic,no,1
80,640900,159000,high_school,education,6,fluent,no,0
38,1228500,338000,bachelors,medical,0,fluent,no,1
31,600700,298000,bachelors,travel,6,good,no,1
25,2103700,396000,phd,education,1,fluent,no,1
30,448700,242100,bachelors,education,0,basic,no,0
26,610300,368600,bachelors,medical,0,fluent,no,0
54,913300,635200,phd,medical,0,good,no,1
44,2506300,2154200,phd,business,0,basic,yes,0
49,814200,172500,bachelors,business,4,fluent,no,1
70,361700,63800,masters,travel,0,basic,no,0
54,1276800,324800,bachelors,travel,3,good,no,1
27,2088000,841400,bachelors,travel,0,basic,no,1
41,471000,256200,high_school,education,4,fluent,no,1
37,593900,91000,masters,medical,0,basic,no,0
70,1564600,1047200,masters,travel,1,basic,no,1
37,1591800,1381100,high_school,education,3,good,no,1
26,861800,290700,high_school,business,8,fluent,yes,0
64,398400,62400,masters,travel,10,basic,yes,0
44,818400,585100,high_school,business,1,fluent,no,1
24,1214800,883800,masters,travel,8,good,no,1
61,575400,105100,masters,travel,3,fluent,no,1
31,1537000,942200,bachelors,education,7,good,no,1
72,962800,319800,bachelors,travel,0,good,no,0
70,1559200,974000,bachelors,travel,0,fluent,no,1
41,422000,293200,bachelors,business,0,good,no,1
53,942000,298700,bachelors,business,5,good,no,1
53,594500,205400,masters,medical,0,fluent,no,1
59,1114600,678400,masters,medical,0,basic,no,0
22,1217700,714400,high_school,travel,3,good,no,1
38,443900,361600,masters,business,8,good,no,1
28,356300,189800,bachelors,travel,2,fluent,no,1
61,1645100,1233500,masters,education,4,fluent,no,1
22,536200,374800,high_school,travel,0,good,no,0
50,1440700,935400,bachelors,business,7,fluent,no,1
63,485300,142600,bachelors,travel,0,good,no,0
77,778100,278000,bachelors,business,0,basic,no,0
36,1577900,907400,phd,travel,2,basic,no,1
18,606600,121000,high_school,business,0,basic,no,0
63,202000,37100,high_school,education,3,basic,no,0
18,3572900,669400,bachelors,travel,4,good,no,1
22,850200,715000,bachelors,business,0,basic,no,1
80,361900,241300,bachelors,travel,0,basic,no,0
72,899200,699200,bachelors,travel,0,good,yes,0
62,684200,597000,high_school,education,0,good,no,0
70,1680200,1135400,masters,medical,7,basic,no,1
22,1259700,675800,bachelors,business,3,basic,no,1
23,480400,244700,high_school,medical,0,basic,no,0
36,293400,208200,bachelors,education,0,good,no,0
19,1392900,1115600,phd,education,5,fluent,no,1
73,394100,304300,masters,travel,5,fluent,no,1
21,1054300,547900,high_school,travel,7,fluent,no,1
52,650000,474600,masters,business,0,fluent,no,1
71,766200,388800,high_school,medical,2,fluent,no,0
64,376700,165100,high_school,travel,0,good,no,0
32,742000,277000,masters,travel,5,good,no,1
47,626100,119500,masters,travel,1,good,no,1
52,801200,241100,high_school,business,4,good,no,1
66,691100,482000,masters,business,0,good,no,1
44,1484300,413800,masters,travel,5,basic,no,1
35,701100,579000,masters,travel,0,fluent,no,1
68,856400,178900,masters,education,6,basic,no,1
73,771500,145300,bachelors,education,0,fluent,no,0
48,1176100,600800,phd,travel,5,fluent,no,1
19,325000,103000,high_school,education,0,good,no,0
49,1114100,253100,bachelors,business,3,basic,no,1
74,651600,127000,bachelors,education,5,good,no,1
80,1311800,715600,masters,education,1,good,no,0
43,535600,184600,high_school,business,0,fluent,no,1
27,1044500,592000,bachelors,business,1,fluent,no,1
54,775700,202600,masters,business,0,fluent,yes,0
70,490000,82500,bachelors,business,3,fluent,no,1
77,683400,116500,high_school,travel,0,good,no,0
21,576600,135200,bachelors,business,0,fluent,no,1
36,2169700,1620800,masters,education,0,basic,no,1
48,785200,381900,bachelors,business,0,good,no,1
24,355400,219600,bachelors,business,0,basic,no,1
73,548200,442000,bachelors,travel,4,good,no,1
25,623800,193000,phd,business,0,fluent,no,1
59,1754800,1410000,masters,medical,7,good,no,1
75,826900,586500,high_school,travel,5,good,no,0
61,940500,655300,masters,business,1,fluent,no,1
66,1140900,916200,masters,business,6,good,no,1
34,926900,226500,masters,travel,3,basic,no,1
70,1214300,674400,bachelors,travel,3,fluent,no,1
44,719200,368700,high_school,education,1,fluent,yes,0
21,1429400,926300,masters,travel,3,good,no,1
41,680800,223600,bachelors,travel,0,basic,no,0
40,534500,131200,bachelors,travel,2,fluent,no,1
50,779000,685600,high_school,education,0,fluent,no,1
34,1268400,633300,high_school,travel,1,good,no,1
47,1389900,450300,bachelors,business,3,good,no,1
44,1289700,317900,high_school,education,0,good,no,1
38,1063300,632900,masters,education,0,fluent,no,1
61,570500,148800,masters,travel,5,fluent,no,1
37,465900,133800,bachelors,medical,0,good,no,0
66,1154000,997200,high_school,medical,0,good,no,0
33,194100,33400,high_school,business,1,fluent,no,1
72,1730800,502100,bachelors,education,8,good,no,1
40,630700,412100,masters,travel,4,good,no,1
20,2178900,681300,bachelors,travel,3,basic,no,1
27,935600,268000,masters,travel,6,basic,no,1
68,1608100,912400,phd,medical,3,good,no,1
72,2006200,1348100,high_school,travel,5,basic,yes,0
31,811100,383600,masters,travel,3,basic,yes,0
55,625100,460100,bachelors,business,6,fluent,no,1
54,516200,393000,bachelors,travel,3,good,no,1
26,436000,269100,bachelors,medical,0,basic,no,0
46,631000,368100,bachelors,education,0,good,no,1
61,716900,546400,masters,business,0,fluent,no,1
78,380300,61300,bachelors,medical,2,good,no,0
71,673800,359100,bachelors,education,9,good,no,1
24,692000,170600,high_school,travel,5,good,no,1
32,462200,146100,bachelors,business,5,good,no,1
45,889500,766500,masters,travel,3,good,no,1
27,1639700,250500,bachelors,business,7,basic,no,1
53,247500,94100,high_school,travel,4,good,no,1
18,2188900,581700,bachelors,travel,0,basic,no,0
25,671400,387900,masters,medical,2,basic,no,0
20,1086300,850800,masters,travel,1,basic,no,1
36,1092000,483900,high_school,medical,0,fluent,no,0
66,1808200,1406600,bachelors,medical,0,basic,no,0
29,979600,470400,bachelors,business,0,good,no,1
80,663800,552100,masters,business,0,basic,no,1
34,351300,275800,high_school,education,0,fluent,no,0
20,551400,156700,bachelors,education,7,good,no,1
39,3054800,2486000,phd,travel,1,fluent,no,1
65,612800,180400,bachelors,education,6,fluent,no,1
24,903900,468000,bachelors,travel,0,good,no,0
22,304300,90400,high_school,education,9,fluent,no,1
71,286100,125800,high_school,education,5,basic,no,0
55,1096500,975000,phd,business,7,fluent,no,1
39,904000,654400,phd,business,2,fluent,no,1
65,470500,266100,high_school,business,3,good,no,1
71,479100,408000,phd,medical,1,good,no,0
40,519000,217900,high_school,medical,1,basic,no,0
53,1773700,496500,bachelors,education,5,good,no,1
18,608400,469500,masters,business,0,fluent,no,1
37,1239300,197200,bachelors,travel,0,fluent,no,1
55,112500,84800,bachelors,business,6,good,no,1
30,486600,81000,bachelors,travel,0,good,no,0
80,189000,68700,high_school,business,4,fluent,no,0
79,2133000,888700,phd,education,0,good,no,1
34,876200,340800,high_school,business,1,fluent,no,1
42,305900,101700,high_school,travel,0,good,no,0
29,1267100,292900,phd,medical,2,good,no,1
49,1465100,223300,bachelors,education,6,fluent,no,1
25,1595900,1166700,bachelors,business,6,basic,no,1
42,605200,298200,bachelors,medical,0,basic,no,0
52,160400,43500,high_school,travel,1,basic,no,0
56,461500,97700,bachelors,travel,6,basic,no,1
55,1153000,413700,bachelors,education,0,good,no,1
31,2399700,997700,bachelors,medical,0,fluent,no,1
67,734200,364200,bachelors,travel,2,good,no,1
61,696600,157300,masters,travel,5,good,no,1
65,4044200,3578900,phd,travel,1,good,no,1
47,945600,332400,bachelors,business,0,good,no,1
74,550100,264600,phd,education,8,fluent,no,1
42,911100,621200,masters,business,8,fluent,no,1
68,1873100,716700,phd,travel,3,good,yes,0
30,935700,198200,masters,travel,4,fluent,no,1
33,836400,361700,high_school,business,8,good,no,1
51,223500,126200,high_school,travel,3,basic,no,0
53,491100,383700,phd,travel,5,good,no,1
65,505000,215100,bachelors,travel,2,good,no,1
36,832800,680500,masters,business,0,good,no,1
72,1168800,654000,masters,medical,6,fluent,no,1
38,767000,527800,high_school,medical,4,good,no,1
51,2936800,507000,bachelors,travel,0,good,no,1
76,720000,591700,phd,travel,3,fluent,no,1
51,454700,141000,high_school,business,5,good,no,1
60,658000,259500,masters,business,0,good,yes,0
75,1956800,1062000,phd,travel,5,basic,no,1
79,1008200,877000,high_school,medical,0,basic,no,0
49,591400,242000,bachelors,education,3,good,no,1
44,2356400,743200,bachelors,travel,10,basic,no,1
30,658600,573300,masters,medical,6,good,no,1
51,1333000,1008200,bachelors,travel,6,basic,no,1
75,1202600,778800,high_school,business,4,good,no,1
48,255500,116800,high_school,travel,2,good,no,0
39,1039400,483700,bachelors,business,4,good,no,1
24,169000,145800,bachelors,medical,1,good,no,0
42,850300,171500,high_school,travel,2,good,no,1
32,530700,381100,masters,education,2,good,no,1
79,738300,443600,high_school,travel,2,basic,no,0
51,1473300,1291100,masters,medical,1,good,no,1
26,2001100,1138200,phd,travel,1,basic,no,1
22,1234400,444900,bachelors,travel,1,good,no,1
71,780100,573300,bachelors,business,0,fluent,no,1
76,438300,389700,high_school,medical,1,good,no,0
66,726200,603200,bachelors,travel,0,good,no,0
25,409500,151900,bachelors,business,7,fluent,no,1
24,481000,197100,high_school,medical,0,basic,no,0
30,644700,461700,bachelors,business,6,fluent,no,1
65,350300,209700,high_school,travel,0,fluent,no,0
66,290300,46100,bachelors,travel,6,good,no,1
70,481900,123600,masters,travel,4,basic,yes,0
24,133800,28600,bachelors,travel,7,basic,no,0
27,456200,129600,high_school,business,6,fluent,no,1
74,658900,249500,high_school,business,4,good,no,0
76,173000,151400,bachelors,business,0,fluent,no,1
63,861700,566400,bachelors,business,2,fluent,no,1
24,707200,135100,bachelors,medical,1,good,no,0
22,282900,171300,high_school,travel,7,good,no,1
21,596800,285000,bachelors,travel,6,basic,no,1
61,1926300,1378300,phd,travel,1,good,no,1
71,442700,359900,bachelors,education,4,fluent,no,1
57,790000,157100,bachelors,business,1,good,no,1
34,915400,810100,bachelors,business,4,fluent,no,1
65,618800,119700,masters,education,3,fluent,no,1
21,1881700,1315800,phd,travel,2,basic,no,1
70,674800,558300,high_school,education,6,good,no,1
74,470500,335800,high_school,medical,0,basic,no,0
63,1982300,521500,high_school,education,5,good,no,1
73,1697600,519500,masters,business,4,fluent,yes,0
54,213800,38700,high_school,business,0,fluent,no,1
47,872500,216600,phd,business,1,fluent,no,1
38,2098300,410800,high_school,education,0,good,no,1
76,440800,83900,bachelors,medical,3,good,no,0
61,784600,448500,bachelors,medical,7,basic,no,1
30,1488900,309000,bachelors,business,0,fluent,no,1
78,1083000,507700,bachelors,education,0,basic,no,0
21,1507300,1028400,masters,travel,2,basic,no,1
55,1135000,183100,bachelors,education,0,basic,no,0
30,767200,482700,bachelors,travel,0,basic,no,0
59,629100,451600,masters,business,3,good,no,1
43,1372700,758400,phd,business,1,basic,no,1
45,779400,394900,masters,medical,6,fluent,no,1
60,746400,521100,masters,travel,1,fluent,no,1
65,1709700,935700,bachelors,travel,3,basic,no,1
41,876400,466200,phd,travel,1,fluent,no,1
80,1933500,1452800,bachelors,travel,0,good,no,0
49,1244700,968600,phd,medical,2,good,no,1
28,891100,379900,masters,business,4,good,no,1
18,198900,91800,high_school,business,8,fluent,no,1
30,1734000,1301500,high_school,education,0,good,no,1
61,969500,541600,masters,travel,2,basic,yes,0
51,279000,185600,masters,business,3,fluent,no,1
39,1302400,268800,bachelors,business,0,fluent,no,1
48,1051300,232900,phd,business,6,fluent,yes,0
70,453300,248800,bachelors,business,0,good,no,1
54,1262500,965100,bachelors,business,6,fluent,no,1
21,186200,72100,bachelors,business,2,fluent,no,1
21,364900,317600,high_school,education,0,basic,no,0
48,641700,462200,bachelors,medical,4,basic,no,1
43,1726900,1271500,phd,medical,0,basic,no,1
71,1852700,1436800,high_school,travel,4,basic,no,1
54,850100,289800,masters,travel,5,good,no,1
65,1252600,498200,masters,medical,3,basic,no,1
54,2450000,585100,high_school,education,0,good,no,1
39,975200,424500,masters,travel,1,good,no,1
59,1258300,222600,masters,business,2,fluent,no,1
57,383100,273400,bachelors,travel,3,good,no,1
63,1587300,1193500,high_school,travel,3,good,no,1
29,511100,158600,bachelors,travel,1,fluent,no,1
58,876900,453700,bachelors,business,5,fluent,no,1
35,616700,403300,high_school,medical,5,good,no,1
67,792900,560500,bachelors,travel,4,basic,no,1
68,851100,746500,phd,travel,0,good,no,1
57,1110700,333800,masters,business,2,fluent,no,1
77,2557000,856700,masters,education,1,fluent,no,1
51,3789200,2995000,phd,education,5,fluent,no,1
19,490700,109400,high_school,business,5,fluent,no,1
56,422000,312000,high_school,travel,6,fluent,no,1
66,623400,155900,masters,education,0,good,no,1
24,3314600,1651800,bachelors,education,4,fluent,no,1
24,580000,344600,high_school,business,6,fluent,no,1
35,1796000,1303700,masters,medical,0,basic,no,1
71,792700,187000,high_school,travel,0,good,no,0
51,2548700,1957500,bachelors,business,0,good,no,1
79,660200,520200,bachelors,business,3,good,no,1
72,411500,306600,bachelors,business,1,good,no,1
52,2103600,1794300,bachelors,business,0,good,no,1
60,888100,714200,high_school,travel,2,basic,no,0
38,1250100,907600,masters,education,5,good,no,1
23,2514300,1469600,phd,business,6,basic,no,1
43,1003300,759000,bachelors,medical,5,good,no,1
55,1281400,1129600,high_school,business,7,fluent,no,1
29,866400,544100,bachelors,travel,3,fluent,no,1
31,1242400,412400,bachelors,medical,6,good,no,1
18,721800,242400,high_school,education,1,good,no,0
64,451800,337500,high_school,travel,6,fluent,no,1
74,482600,430500,high_school,education,7,basic,no,0
70,609500,187600,bachelors,business,4,fluent,no,1
41,875400,768200,bachelors,business,1,fluent,yes,0
55,757000,265900,masters,travel,0,good,no,1
78,961500,441900,bachelors,business,1,basic,no,0
55,943700,784300,bachelors,travel,0,basic,no,1
36,604900,527100,high_school,business,0,fluent,no,1
39,1099300,632300,masters,medical,1,good,no,1
63,395800,341400,high_school,medical,0,fluent,yes,0
46,462700,361700,high_school,education,7,good,no,1
70,301800,241400,bachelors,education,3,good,no,0
72,910600,729600,masters,business,6,good,no,1
20,565600,248700,masters,business,1,good,no,1
63,799200,138300,bachelors,education,0,basic,no,0
41,510700,139700,bachelors,travel,0,good,no,1
50,244900,50400,bachelors,travel,6,good,no,1
34,2611200,866400,bachelors,travel,0,fluent,no,1
41,666100,127500,bachelors,travel,4,good,no,1
38,1676700,599800,bachelors,business,0,good,no,1
21,404400,239300,high_school,travel,1,fluent,no,0
67,2750000,703400,phd,travel,0,good,no,1
27,286800,110900,high_school,travel,2,good,yes,0
41,833400,265100,bachelors,medical,0,good,no,0
30,592700,131200,phd,travel,6,fluent,no,1
28,4066100,2671700,masters,education,0,good,no,1
41,659600,540700,bachelors,education,0,good,no,1
75,1534100,1053900,masters,business,0,fluent,no,1
77,692300,459100,high_school,education,10,basic,yes,0
42,959100,851000,masters,travel,3,fluent,no,1
49,1005700,702400,bachelors,travel,3,good,no,1
80,2282300,423000,phd,business,2,basic,no,1
32,780400,244800,high_school,medical,6,basic,no,1
77,827200,519600,bachelors,medical,0,fluent,no,0
24,1006600,633400,bachelors,business,5,fluent,no,1
32,1549200,1199800,high_school,business,5,good,no,1
39,601500,161900,bachelors,business,0,basic,no,1
20,350900,310900,masters,education,0,good,no,0
69,295600,158800,high_school,travel,2,basic,no,0
71,616000,517600,phd,business,0,fluent,no,1
42,465900,254900,bachelors,education,0,good,no,1
70,474800,137800,bachelors,travel,1,basic,no,0
66,746800,308600,bachelors,travel,0,basic,no,0
68,866800,273800,bachelors,travel,4,good,no,1
68,1107900,385700,masters,travel,2,good,no,1
54,650900,532300,masters,travel,3,good,no,1
24,1306800,565900,bachelors,business,2,fluent,no,1
76,1015000,291300,bachelors,travel,1,fluent,no,0
56,1805200,764300,bachelors,medical,2,good,no,1
74,1205200,738700,bachelors,travel,7,fluent,no,1
78,445900,134100,high_school,medical,1,good,no,0
29,1107900,208500,high_school,travel,3,basic,no,0
43,879400,707100,bachelors,education,6,fluent,no,1
30,1676200,552200,phd,business,3,fluent,no,1
21,803100,684500,high_school,education,0,fluent,no,0
78,706500,131000,bachelors,business,0,good,no,1
76,800700,510900,bachelors,business,3,good,no,1
76,703800,456700,bachelors,business,4,fluent,no,1
73,608400,162500,masters,business,5,good,no,1
58,299000,194000,masters,medical,4,basic,no,1
50,664100,292700,masters,medical,0,basic,no,0
80,1085300,473500,masters,education,5,good,no,1
52,981700,793300,high_school,business,3,fluent,no,1
58,1172100,1013100,bachelors,medical,9,good,no,1
31,648700,180100,bachelors,education,5,fluent,no,1
65,743400,492900,phd,travel,1,good,no,1
69,881000,234400,masters,travel,4,good,no,1
60,316100,55700,high_school,education,3,good,no,0
49,168800,44300,high_school,business,1,good,no,1
